Date,Price
7/18/2010,0.0858
7/19/2010,0.0808
7/20/2010,0.0747
7/21/2010,0.0792
7/22/2010,0.0505
7/23/2010,0.0626
7/24/2010,0.0545
7/25/2010,0.0505
7/26/2010,0.056
7/27/2010,0.06
7/28/2010,0.0589
7/29/2010,0.0699
7/30/2010,0.0627
7/31/2010,0.0679
8/1/2010,0.0611
8/2/2010,0.06
8/3/2010,0.06
8/4/2010,0.057
8/5/2010,0.061
8/6/2010,0.0623
8/7/2010,0.059
8/8/2010,0.0609
8/9/2010,0.071
8/10/2010,0.07
8/11/2010,0.067
8/12/2010,0.07
8/13/2010,0.0645
8/14/2010,0.067
8/15/2010,0.0653
8/16/2010,0.0655
8/17/2010,0.07
8/18/2010,0.068
8/19/2010,0.0667
8/20/2010,0.0655
8/21/2010,0.0664
8/22/2010,0.066
8/23/2010,0.0649
8/24/2010,0.065
8/25/2010,0.0648
8/26/2010,0.064
8/27/2010,0.065
8/28/2010,0.0641
8/29/2010,0.064
8/30/2010,0.065
8/31/2010,0.06
9/1/2010,0.0629
9/2/2010,0.0634
9/3/2010,0.0609
9/4/2010,0.0624
9/5/2010,0.0616
9/6/2010,0.0616
9/7/2010,0.061
9/8/2010,0.062
9/9/2010,0.0611
9/10/2010,0.0618
9/11/2010,0.0637
9/12/2010,0.0615
9/13/2010,0.0622
9/14/2010,0.062
9/15/2010,0.0604
9/16/2010,0.0619
9/17/2010,0.059
9/18/2010,0.061
9/19/2010,0.0627
9/20/2010,0.0621
9/21/2010,0.0627
9/22/2010,0.0622
9/23/2010,0.0623
9/24/2010,0.0622
9/25/2010,0.062
9/26/2010,0.062
9/27/2010,0.0622
9/28/2010,0.0619
9/29/2010,0.0619
9/30/2010,0.0619
10/1/2010,0.062
10/2/2010,0.0614
10/3/2010,0.0611
10/4/2010,0.0613
10/5/2010,0.0614
10/6/2010,0.0628
10/7/2010,0.067
10/8/2010,0.0869
10/9/2010,0.0938
10/10/2010,0.0965
10/11/2010,0.095
10/12/2010,0.0949
10/13/2010,0.105
10/14/2010,0.102
10/15/2010,0.105
10/16/2010,0.101
10/17/2010,0.102
10/18/2010,0.1024
10/19/2010,0.097
10/20/2010,0.099
10/21/2010,0.107
10/22/2010,0.1025
10/23/2010,0.1055
10/24/2010,0.115
10/25/2010,0.132
10/26/2010,0.1503
10/27/2010,0.1877
10/28/2010,0.1731
10/29/2010,0.19
10/30/2010,0.1989
10/31/2010,0.1925
11/1/2010,0.1955
11/2/2010,0.1938
11/3/2010,0.1931
11/4/2010,0.23
11/5/2010,0.26
11/6/2010,0.39
11/7/2010,0.34
11/8/2010,0.243
11/9/2010,0.21
11/10/2010,0.24
11/11/2010,0.2231
11/12/2010,0.2682
11/13/2010,0.276
11/14/2010,0.279
11/15/2010,0.2682
11/16/2010,0.223
11/17/2010,0.2299
11/18/2010,0.2678
11/19/2010,0.28
11/20/2010,0.283
11/21/2010,0.2768
11/22/2010,0.2879
11/23/2010,0.283
11/24/2010,0.283
11/25/2010,0.28
11/26/2010,0.2844
11/27/2010,0.283
11/28/2010,0.27
11/29/2010,0.2299
11/30/2010,0.2082
12/1/2010,0.2275
12/2/2010,0.255
12/3/2010,0.2511
12/4/2010,0.205
12/5/2010,0.19
12/6/2010,0.204
12/7/2010,0.233
12/8/2010,0.2388
12/9/2010,0.2
12/10/2010,0.204
12/11/2010,0.228
12/12/2010,0.22
12/13/2010,0.2299
12/14/2010,0.2467
12/15/2010,0.238
12/16/2010,0.25
12/17/2010,0.24
12/18/2010,0.241
12/19/2010,0.2401
12/20/2010,0.267
12/21/2010,0.24
12/22/2010,0.25
12/23/2010,0.25
12/24/2010,0.248
12/25/2010,0.2499
12/26/2010,0.265
12/27/2010,0.265
12/28/2010,0.281
12/29/2010,0.3
12/30/2010,0.3
12/31/2010,0.3
1/1/2011,0.3
1/2/2011,0.3
1/3/2011,0.295
1/4/2011,0.299
1/5/2011,0.299
1/6/2011,0.298
1/7/2011,0.32
1/8/2011,0.3229
1/9/2011,0.323
1/10/2011,0.3266
1/11/2011,0.3266
1/12/2011,0.3188
1/13/2011,0.3176
1/14/2011,0.4
1/15/2011,0.386
1/16/2011,0.3868
1/17/2011,0.3495
1/18/2011,0.313
1/19/2011,0.313
1/20/2011,0.39
1/21/2011,0.4199
1/22/2011,0.4443
1/23/2011,0.4424
1/24/2011,0.4199
1/25/2011,0.41
1/26/2011,0.417
1/27/2011,0.4212
1/28/2011,0.446
1/29/2011,0.439
1/30/2011,0.4799
1/31/2011,0.52
2/1/2011,0.7
2/2/2011,0.716
2/3/2011,0.69
2/4/2011,0.811
2/5/2011,0.92
2/6/2011,0.8997
2/7/2011,0.89
2/8/2011,0.918
2/9/2011,1.09
2/10/2011,0.9803
2/11/2011,1.07
2/12/2011,1.0799
2/13/2011,1.05
2/14/2011,1.07
2/15/2011,1.05
2/16/2011,1.045
2/17/2011,1.04
2/18/2011,0.8989
2/19/2011,0.949
2/20/2011,0.85
2/21/2011,0.8345
2/22/2011,0.8702
2/23/2011,0.9
2/24/2011,0.9974
2/25/2011,0.9111
2/26/2011,0.958
2/27/2011,0.89
2/28/2011,0.86
3/1/2011,0.9202
3/2/2011,0.9399
3/3/2011,0.9391
3/4/2011,0.901
3/5/2011,0.9103
3/6/2011,0.8999
3/7/2011,0.885
3/8/2011,0.87
3/9/2011,0.8645
3/10/2011,0.9329
3/11/2011,0.88
3/12/2011,0.918
3/13/2011,0.8925
3/14/2011,0.8949
3/15/2011,0.87
3/16/2011,0.86
3/17/2011,0.8254
3/18/2011,0.8165
3/19/2011,0.765
3/20/2011,0.7411
3/21/2011,0.759
3/22/2011,0.809
3/23/2011,0.8497
3/24/2011,0.8669
3/25/2011,0.8838
3/26/2011,0.8552
3/27/2011,0.82
3/28/2011,0.799
3/29/2011,0.7925
3/30/2011,0.7897
3/31/2011,0.7846
4/1/2011,0.7741
4/2/2011,0.782
4/3/2011,0.779
4/4/2011,0.68
4/5/2011,0.71
4/6/2011,0.74
4/7/2011,0.7538
4/8/2011,0.75
4/9/2011,0.73
4/10/2011,0.7369
4/11/2011,0.77
4/12/2011,0.86
4/13/2011,0.9225
4/14/2011,1
4/15/2011,0.9899
4/16/2011,1.0499
4/17/2011,1.1123
4/18/2011,1.162
4/19/2011,1.1979
4/20/2011,1.1421
4/21/2011,1.21
4/22/2011,1.409
4/23/2011,1.7001
4/24/2011,1.6301
4/25/2011,1.559
4/26/2011,1.7949
4/27/2011,1.9
4/28/2011,2.2106
4/29/2011,2.88
4/30/2011,3.5
5/1/2011,3.0331
5/2/2011,3.2
5/3/2011,3.41
5/4/2011,3.4061
5/5/2011,3.333
5/6/2011,3.45
5/7/2011,3.641
5/8/2011,3.8659
5/9/2011,3.8
5/10/2011,5.81
5/11/2011,5.5
5/12/2011,6.3002
5/13/2011,8.198
5/14/2011,7.1977
5/15/2011,6.987
5/16/2011,8.0339
5/17/2011,7.19
5/18/2011,6.88
5/19/2011,6.805
5/20/2011,5.5904
5/21/2011,6.1197
5/22/2011,6.6901
5/23/2011,7.1499
5/24/2011,7.42
5/25/2011,8.3997
5/26/2011,8.798
5/27/2011,8.5002
5/28/2011,8.3001
5/29/2011,8.4299
5/30/2011,8.8
5/31/2011,8.741
6/1/2011,9.57
6/2/2011,10.6
6/3/2011,14.29
6/4/2011,18.89
6/5/2011,16.7
6/6/2011,18.5499
6/7/2011,23.9234
6/8/2011,29.6
6/9/2011,28.919
6/10/2011,23.9497
6/11/2011,14.6511
6/12/2011,18.5464
6/13/2011,19.84
6/14/2011,19.28
6/15/2011,19.49
6/16/2011,17
6/17/2011,15.681
6/18/2011,16.89
6/19/2011,17.51
6/20/2011,17.51
6/21/2011,17.51
6/22/2011,17.51
6/23/2011,17.51
6/24/2011,17.51
6/25/2011,17.51
6/26/2011,16.45
6/27/2011,16.75
6/28/2011,16.9498
6/29/2011,16.845
6/30/2011,16.101
7/1/2011,15.397
7/2/2011,15.4
7/3/2011,15.4405
7/4/2011,13.86
7/5/2011,12.9069
7/6/2011,14.7835
7/7/2011,14.7761
7/8/2011,14.314
7/9/2011,14.38
7/10/2011,14.9
7/11/2011,14.2091
7/12/2011,14.0094
7/13/2011,13.951
7/14/2011,13.99
7/15/2011,13.81
7/16/2011,13.7191
7/17/2011,13.16
7/18/2011,13.48
7/19/2011,13.8502
7/20/2011,13.6894
7/21/2011,13.61
7/22/2011,13.6954
7/23/2011,13.68
7/24/2011,13.98
7/25/2011,14.0478
7/26/2011,13.8821
7/27/2011,13.9394
7/28/2011,13.4901
7/29/2011,13.4983
7/30/2011,13.5303
7/31/2011,13.35
8/1/2011,13.0946
8/2/2011,12.05
8/3/2011,9.26
8/4/2011,10.75
8/5/2011,9.7999
8/6/2011,6.55
8/7/2011,7.9
8/8/2011,7.7999
8/9/2011,9.99
8/10/2011,9.98
8/11/2011,9.4625
8/12/2011,9.4605
8/13/2011,10.131
8/14/2011,10.7957
8/15/2011,11.1498
8/16/2011,10.9641
8/17/2011,10.9456
8/18/2011,10.83
8/19/2011,11.65
8/20/2011,11.453
8/21/2011,11.3113
8/22/2011,10.895
8/23/2011,10.94
8/24/2011,10.8506
8/25/2011,9.657
8/26/2011,8.1794
8/27/2011,8.5902
8/28/2011,9.0701
8/29/2011,8.969
8/30/2011,8.7913
8/31/2011,8.1995
9/1/2011,8.21
9/2/2011,8.64
9/3/2011,8.48
9/4/2011,8.178
9/5/2011,7.611
9/6/2011,6.8628
9/7/2011,7.1864
9/8/2011,6.53
9/9/2011,5.03
9/10/2011,4.7739
9/11/2011,5.8644
9/12/2011,6.078
9/13/2011,5.8
9/14/2011,5.6193
9/15/2011,4.84
9/16/2011,4.82
9/17/2011,4.77
9/18/2011,5.2
9/19/2011,5.46
9/20/2011,6.1119
9/21/2011,5.6114
9/22/2011,5.4278
9/23/2011,5.5451
9/24/2011,5.4683
9/25/2011,5.33
9/26/2011,4.8697
9/27/2011,4.9156
9/28/2011,4.7725
9/29/2011,4.7794
9/30/2011,5.1401
10/1/2011,5.0324
10/2/2011,5.027
10/3/2011,5.024
10/4/2011,4.96
10/5/2011,4.87
10/6/2011,4.7344
10/7/2011,4.2728
10/8/2011,4.0075
10/9/2011,4.1029
10/10/2011,4.1
10/11/2011,3.9308
10/12/2011,4.15
10/13/2011,4.0462
10/14/2011,3.9879
10/15/2011,3.8421
10/16/2011,3.557
10/17/2011,2.56
10/18/2011,2.419
10/19/2011,2.27
10/20/2011,2.348
10/21/2011,2.57
10/22/2011,3.1588
10/23/2011,3.17
10/24/2011,2.545
10/25/2011,2.77
10/26/2011,2.773
10/27/2011,3.04
10/28/2011,3.19
10/29/2011,3.5811
10/30/2011,3.27
10/31/2011,3.248
11/1/2011,3.15
11/2/2011,3.2543
11/3/2011,3.152
11/4/2011,3.109
11/5/2011,2.97
11/6/2011,2.9596
11/7/2011,3.0068
11/8/2011,3.035
11/9/2011,2.95
11/10/2011,2.8399
11/11/2011,3.08
11/12/2011,3.031
11/13/2011,2.9969
11/14/2011,2.22
11/15/2011,2.329
11/16/2011,2.5604
11/17/2011,2.25
11/18/2011,2.05
11/19/2011,2.1959
11/20/2011,2.2
11/21/2011,2.294
11/22/2011,2.3289
11/23/2011,2.3321
11/24/2011,2.4321
11/25/2011,2.5061
11/26/2011,2.47
11/27/2011,2.4799
11/28/2011,2.55
11/29/2011,2.7502
11/30/2011,2.9701
12/1/2011,3.06
12/2/2011,3.1151
12/3/2011,2.794
12/4/2011,2.8281
12/5/2011,2.8798
12/6/2011,3.03
12/7/2011,2.99
12/8/2011,2.98
12/9/2011,2.97
12/10/2011,3.05
12/11/2011,3.2511
12/12/2011,3.135
12/13/2011,3.2499
12/14/2011,3.15
12/15/2011,3.2
12/16/2011,3.2
12/17/2011,3.2001
12/18/2011,3.193
12/19/2011,3.5202
12/20/2011,3.95
12/21/2011,3.89
12/22/2011,3.8901
12/23/2011,3.9468
12/24/2011,3.94
12/25/2011,4.225
12/26/2011,4.018
12/27/2011,4.07
12/28/2011,4.1855
12/29/2011,4.166
12/30/2011,4.248
12/31/2011,4.722
1/1/2012,5.2677
1/2/2012,5.2168
1/3/2012,4.8808
1/4/2012,5.5738
1/5/2012,6.9476
1/6/2012,6.6969
1/7/2012,6.81
1/8/2012,7.1136
1/9/2012,6.3257
1/10/2012,6.36
1/11/2012,6.9
1/12/2012,6.8
1/13/2012,6.41
1/14/2012,6.75
1/15/2012,7.0018
1/16/2012,6.6825
1/17/2012,5.6
1/18/2012,5.92
1/19/2012,6.3598
1/20/2012,6.4898
1/21/2012,6.18
1/22/2012,6.3097
1/23/2012,6.356
1/24/2012,6.2898
1/25/2012,5.75
1/26/2012,5.34
1/27/2012,5.292
1/28/2012,5.6267
1/29/2012,5.3809
1/30/2012,5.4905
1/31/2012,5.4838
2/1/2012,6.0756
2/2/2012,6.1
2/3/2012,5.9593
2/4/2012,5.8734
2/5/2012,5.6888
2/6/2012,5.4535
2/7/2012,5.69
2/8/2012,5.6
2/9/2012,5.83
2/10/2012,5.9126
2/11/2012,5.6005
2/12/2012,5.5147
2/13/2012,5.26
2/14/2012,4.4629
2/15/2012,4.3251
2/16/2012,4.2739
2/17/2012,4.41
2/18/2012,4.222
2/19/2012,4.3867
2/20/2012,4.3615
2/21/2012,4.272
2/22/2012,4.4247
2/23/2012,5.015
2/24/2012,5.0288
2/25/2012,4.773
2/26/2012,4.922
2/27/2012,4.956
2/28/2012,4.868
2/29/2012,4.86
3/1/2012,4.9213
3/2/2012,4.705
3/3/2012,4.6144
3/4/2012,4.82
3/5/2012,4.9843
3/6/2012,4.9901
3/7/2012,4.9375
3/8/2012,4.9302
3/9/2012,4.8611
3/10/2012,4.8332
3/11/2012,4.91
3/12/2012,4.8901
3/13/2012,5.27
3/14/2012,5.38
3/15/2012,5.3266
3/16/2012,5.3439
3/17/2012,5.2159
3/18/2012,5.2794
3/19/2012,4.6939
3/20/2012,4.8379
3/21/2012,4.8149
3/22/2012,4.7043
3/23/2012,4.686
3/24/2012,4.676
3/25/2012,4.55
3/26/2012,4.6191
3/27/2012,4.8113
3/28/2012,4.788
3/29/2012,4.8084
3/30/2012,4.86
3/31/2012,4.9087
4/1/2012,4.827
4/2/2012,4.974
4/3/2012,4.952
4/4/2012,4.9101
4/5/2012,4.919
4/6/2012,4.9499
4/7/2012,4.6872
4/8/2012,4.7925
4/9/2012,4.8719
4/10/2012,4.8367
4/11/2012,4.9279
4/12/2012,4.9197
4/13/2012,4.94
4/14/2012,4.9597
4/15/2012,4.9689
4/16/2012,4.932
4/17/2012,4.9759
4/18/2012,5.1178
4/19/2012,5.1377
4/20/2012,5.35
4/21/2012,5.2601
4/22/2012,5.2035
4/23/2012,4.96
4/24/2012,5.0982
4/25/2012,5.1318
4/26/2012,5.0976
4/27/2012,5.1095
4/28/2012,4.9794
4/29/2012,4.9044
4/30/2012,4.9491
5/1/2012,5
5/2/2012,5.0737
5/3/2012,5.1344
5/4/2012,5.067
5/5/2012,5.077
5/6/2012,5.0499
5/7/2012,5.06
5/8/2012,5.05
5/9/2012,5.0437
5/10/2012,4.85
5/11/2012,4.96
5/12/2012,4.9462
5/13/2012,4.93
5/14/2012,5.0059
5/15/2012,5.035
5/16/2012,5.0887
5/17/2012,5.0998
5/18/2012,5.118
5/19/2012,5.0995
5/20/2012,5.09
5/21/2012,5.0998
5/22/2012,5.0988
5/23/2012,5.1397
5/24/2012,5.119
5/25/2012,5.1455
5/26/2012,5.1032
5/27/2012,5.139
5/28/2012,5.1358
5/29/2012,5.15
5/30/2012,5.135
5/31/2012,5.1801
6/1/2012,5.2748
6/2/2012,5.249
6/3/2012,5.2051
6/4/2012,5.266
6/5/2012,5.44
6/6/2012,5.46
6/7/2012,5.591
6/8/2012,5.633
6/9/2012,5.56
6/10/2012,5.4683
6/11/2012,5.5747
6/12/2012,5.7
6/13/2012,5.929
6/14/2012,5.9541
6/15/2012,6.5
6/16/2012,6.4
6/17/2012,6.1638
6/18/2012,6.31
6/19/2012,6.4988
6/20/2012,6.67
6/21/2012,6.6801
6/22/2012,6.5478
6/23/2012,6.4285
6/24/2012,6.35
6/25/2012,6.3048
6/26/2012,6.4195
6/27/2012,6.647
6/28/2012,6.6059
6/29/2012,6.65
6/30/2012,6.69
7/1/2012,6.629
7/2/2012,6.76
7/3/2012,6.4499
7/4/2012,6.5101
7/5/2012,6.67
7/6/2012,6.6481
7/7/2012,6.7621
7/8/2012,6.799
7/9/2012,7.0215
7/10/2012,7.1999
7/11/2012,7.15
7/12/2012,7.7644
7/13/2012,7.6651
7/14/2012,7.5421
7/15/2012,7.621
7/16/2012,8.4996
7/17/2012,8.8
7/18/2012,9.1098
7/19/2012,8.87
7/20/2012,8.52
7/21/2012,8.8455
7/22/2012,8.4096
7/23/2012,8.4457
7/24/2012,8.6
7/25/2012,8.8
7/26/2012,8.9
7/27/2012,8.9
7/28/2012,8.8881
7/29/2012,8.7103
7/30/2012,9.098
7/31/2012,9.35
8/1/2012,9.5503
8/2/2012,10.53
8/3/2012,10.97
8/4/2012,10.984
8/5/2012,10.87
8/6/2012,10.8552
8/7/2012,11.1
8/8/2012,11.0553
8/9/2012,11.0611
8/10/2012,11.3864
8/11/2012,11.5102
8/12/2012,11.624
8/13/2012,12.0375
8/14/2012,12.19
8/15/2012,13.25
8/16/2012,13.5
8/17/2012,11.5836
8/18/2012,11.61
8/19/2012,8
8/20/2012,10.1
8/21/2012,9.915
8/22/2012,9.8068
8/23/2012,10.1
8/24/2012,10.6
8/25/2012,10.5239
8/26/2012,10.61
8/27/2012,10.95
8/28/2012,10.94
8/29/2012,10.9169
8/30/2012,10.777
8/31/2012,10.16
9/1/2012,9.9654
9/2/2012,10.2041
9/3/2012,10.53
9/4/2012,10.3847
9/5/2012,10.9997
9/6/2012,11.181
9/7/2012,11
9/8/2012,11.037
9/9/2012,11.02
9/10/2012,11.17
9/11/2012,11.3308
9/12/2012,11.3649
9/13/2012,11.399
9/14/2012,11.67
9/15/2012,11.75
9/16/2012,11.87
9/17/2012,11.89
9/18/2012,12.25
9/19/2012,12.5725
9/20/2012,12.2825
9/21/2012,12.368
9/22/2012,12.2378
9/23/2012,12.1933
9/24/2012,12.1
9/25/2012,12.197
9/26/2012,12.27
9/27/2012,12.3089
9/28/2012,12.391
9/29/2012,12.3631
9/30/2012,12.4
10/1/2012,12.4
10/2/2012,12.84
10/3/2012,12.89
10/4/2012,12.85
10/5/2012,12.688
10/6/2012,12.505
10/7/2012,11.8
10/8/2012,11.7781
10/9/2012,11.895
10/10/2012,12.12
10/11/2012,12.03
10/12/2012,12
10/13/2012,11.861
10/14/2012,11.7389
10/15/2012,11.8381
10/16/2012,11.8499
10/17/2012,11.81
10/18/2012,11.9398
10/19/2012,11.7401
10/20/2012,11.7399
10/21/2012,11.6311
10/22/2012,11.7101
10/23/2012,11.65
10/24/2012,11.65
10/25/2012,10.8616
10/26/2012,10.1706
10/27/2012,10.2605
10/28/2012,10.7
10/29/2012,10.6
10/30/2012,10.8875
10/31/2012,11.201
11/1/2012,10.57
11/2/2012,10.4688
11/3/2012,10.6425
11/4/2012,10.8001
11/5/2012,10.748
11/6/2012,10.899
11/7/2012,10.92
11/8/2012,10.925
11/9/2012,10.815
11/10/2012,10.89
11/11/2012,10.8687
11/12/2012,11.008
11/13/2012,10.9512
11/14/2012,10.95
11/15/2012,11.1977
11/16/2012,11.7489
11/17/2012,11.7889
11/18/2012,11.6515
11/19/2012,11.7999
11/20/2012,11.7328
11/21/2012,11.77
11/22/2012,12.4219
11/23/2012,12.345
11/24/2012,12.4115
11/25/2012,12.4821
11/26/2012,12.2455
11/27/2012,12.2
11/28/2012,12.3477
11/29/2012,12.45
11/30/2012,12.565
12/1/2012,12.562
12/2/2012,12.5
12/3/2012,12.679
12/4/2012,13.41
12/5/2012,13.38
12/6/2012,13.299
12/7/2012,13.4999
12/8/2012,13.4201
12/9/2012,13.388
12/10/2012,13.4334
12/11/2012,13.557
12/12/2012,13.6989
12/13/2012,13.7001
12/14/2012,13.6
12/15/2012,13.4901
12/16/2012,13.3
12/17/2012,13.2501
12/18/2012,13.299
12/19/2012,13.599
12/20/2012,13.5246
12/21/2012,13.5
12/22/2012,13.3714
12/23/2012,13.312
12/24/2012,13.38
12/25/2012,13.35
12/26/2012,13.4679
12/27/2012,13.4217
12/28/2012,13.4212
12/29/2012,13.4
12/30/2012,13.45
12/31/2012,13.51
1/1/2013,13.3041
1/2/2013,13.28
1/3/2013,13.3979
1/4/2013,13.5
1/5/2013,13.44
1/6/2013,13.454
1/7/2013,13.5876
1/8/2013,13.7428
1/9/2013,13.77
1/10/2013,14.14
1/11/2013,14.137
1/12/2013,14.237
1/13/2013,14.116
1/14/2013,14.3
1/15/2013,14.25
1/16/2013,14.73
1/17/2013,15.5
1/18/2013,15.705
1/19/2013,15.615
1/20/2013,15.7
1/21/2013,16.8
1/22/2013,17.2614
1/23/2013,17.5
1/24/2013,16.896
1/25/2013,17.4
1/26/2013,17.88
1/27/2013,17.8182
1/28/2013,18.721
1/29/2013,19.5254
1/30/2013,19.7
1/31/2013,20.41
2/1/2013,20.499
2/2/2013,19.63
2/3/2013,20.59
2/4/2013,20.4301
2/5/2013,20.6
2/6/2013,21.18
2/7/2013,22.15
2/8/2013,22.66
2/9/2013,23.65
2/10/2013,23.9698
2/11/2013,24.65
2/12/2013,25.1698
2/13/2013,24.2
2/14/2013,27.2205
2/15/2013,27.1
2/16/2013,27.2158
2/17/2013,26.8146
2/18/2013,26.95
2/19/2013,29.4176
2/20/2013,29.645
2/21/2013,29.7477
2/22/2013,30.2454
2/23/2013,29.8
2/24/2013,29.89
2/25/2013,30.4
2/26/2013,31.1
2/27/2013,30.9012
2/28/2013,33.38
3/1/2013,34.5
3/2/2013,34.25
3/3/2013,34.5
3/4/2013,36.152
3/5/2013,40.33
3/6/2013,41.0201
3/7/2013,42
3/8/2013,44.18
3/9/2013,46.85
3/10/2013,46
3/11/2013,48.4
3/12/2013,44.2899
3/13/2013,46.92
3/14/2013,47.1696
3/15/2013,46.95
3/16/2013,47.0002
3/17/2013,47.4
3/18/2013,51.6
3/19/2013,59.14
3/20/2013,64.4888
3/21/2013,70.85
3/22/2013,69.865
3/23/2013,64.35
3/24/2013,71.5
3/25/2013,73.6
3/26/2013,78.5
3/27/2013,88.92
3/28/2013,86.18
3/29/2013,90.5
3/30/2013,92.19
3/31/2013,93.03
4/1/2013,104
4/2/2013,117.98
4/3/2013,135
4/4/2013,132.12
4/5/2013,142.3236
4/6/2013,142.6311
4/7/2013,162.301
4/8/2013,187.5
4/9/2013,230
4/10/2013,165
4/11/2013,124.9
4/12/2013,117
4/13/2013,93
4/14/2013,90
4/15/2013,82.386
4/16/2013,68.3557
4/17/2013,93.07
4/18/2013,109.01
4/19/2013,118.48
4/20/2013,126.6155
4/21/2013,119.2
4/22/2013,127.4
4/23/2013,143.475
4/24/2013,154.2
4/25/2013,141.71
4/26/2013,136.9
4/27/2013,128.0001
4/28/2013,134.4444
4/29/2013,143.9999
4/30/2013,139.2269
5/1/2013,116.38
5/2/2013,106.25
5/3/2013,98.1
5/4/2013,112.9
5/5/2013,115.98
5/6/2013,112.25
5/7/2013,109.6001
5/8/2013,113.2
5/9/2013,112.799
5/10/2013,117.7
5/11/2013,115.64
5/12/2013,114.82
5/13/2013,117.9797
5/14/2013,111.4
5/15/2013,114.22
5/16/2013,118.21
5/17/2013,123.5
5/18/2013,123.211
5/19/2013,122.5
5/20/2013,122.02
5/21/2013,122.89
5/22/2013,123.8
5/23/2013,126.3
5/24/2013,133.1
5/25/2013,131.986
5/26/2013,133.5
5/27/2013,129.77
5/28/2013,129
5/29/2013,132.25
5/30/2013,128.799
5/31/2013,128.8151
6/1/2013,129.3
6/2/2013,122.5
6/3/2013,120.7372
6/4/2013,121.4
6/5/2013,121.9
6/6/2013,118.9699
6/7/2013,111
6/8/2013,107.8924
6/9/2013,100.4374
6/10/2013,106.35
6/11/2013,109
6/12/2013,108.7759
6/13/2013,103.949
6/14/2013,100
6/15/2013,99.8
6/16/2013,99.9
6/17/2013,101.95
6/18/2013,107.35
6/19/2013,108.251
6/20/2013,111.29
6/21/2013,109.5
6/22/2013,108.2
6/23/2013,107.9
6/24/2013,102.09
6/25/2013,103.3293
6/26/2013,104
6/27/2013,101.7368
6/28/2013,94.66
6/29/2013,94.999
6/30/2013,97.51
7/1/2013,84.6069
7/2/2013,87.6562
7/3/2013,76.8901
7/4/2013,77.685
7/5/2013,66.34
7/6/2013,66.855
7/7/2013,72.5053
7/8/2013,74.56
7/9/2013,74.225
7/10/2013,84.515
7/11/2013,91.22
7/12/2013,88.465
7/13/2013,91.3888
7/14/2013,90.3713
7/15/2013,93.14
7/16/2013,92.7415
7/17/2013,90.5425
7/18/2013,85.4298
7/19/2013,85.7775
7/20/2013,85.6675
7/21/2013,85.4725
7/22/2013,86.0862
7/23/2013,86.9389
7/24/2013,87.4575
7/25/2013,89.41
7/26/2013,90.6325
7/27/2013,89.0975
7/28/2013,92.1
7/29/2013,93.2981
7/30/2013,96.31
7/31/2013,97.915
8/1/2013,96.4175
8/2/2013,97.24
8/3/2013,96.66
8/4/2013,96.6
8/5/2013,96.92
8/6/2013,97.1331
8/7/2013,96.92
8/8/2013,94.775
8/9/2013,93.36
8/10/2013,93.2875
8/11/2013,94.1625
8/12/2013,95.085
8/13/2013,97.9021
8/14/2013,97.96
8/15/2013,97.545
8/16/2013,98.33
8/17/2013,99.565
8/18/2013,98.845
8/19/2013,102.2997
8/20/2013,105.0125
8/21/2013,111.445
8/22/2013,109.73
8/23/2013,107.5475
8/24/2013,108.6875
8/25/2013,111.795
8/26/2013,112.23
8/27/2013,117.4461
8/28/2013,117.59
8/29/2013,117.5227
8/30/2013,123.2332
8/31/2013,129.46
9/1/2013,128.2597
9/2/2013,127.3648
9/3/2013,127.5915
9/4/2013,120.5738
9/5/2013,120.5333
9/6/2013,116.321
9/7/2013,119.0547
9/8/2013,116.595
9/9/2013,120.0188
9/10/2013,121.458
9/11/2013,125.4518
9/12/2013,125.7598
9/13/2013,126.5072
9/14/2013,124.0813
9/15/2013,124.5783
9/16/2013,125.0618
9/17/2013,125.9683
9/18/2013,126.3045
9/19/2013,124.1937
9/20/2013,122.9008
9/21/2013,122.6435
9/22/2013,122.651
9/23/2013,122.2235
9/24/2013,122.5383
9/25/2013,123.423
9/26/2013,123.4763
9/27/2013,123.4983
9/28/2013,124.7483
9/29/2013,125.1807
9/30/2013,123.0983
10/1/2013,125.4938
10/2/2013,99.8135
10/3/2013,116.8168
10/4/2013,121.2945
10/5/2013,121.1398
10/6/2013,121.6828
10/7/2013,123.245
10/8/2013,124.3182
10/9/2013,125.8423
10/10/2013,125.6982
10/11/2013,125.5117
10/12/2013,126.5232
10/13/2013,130.4155
10/14/2013,133.0355
10/15/2013,138.6417
10/16/2013,137.4188
10/17/2013,142.735
10/18/2013,149.5947
10/19/2013,159.8115
10/20/2013,163.0632
10/21/2013,174.1772
10/22/2013,183.8648
10/23/2013,200.62
10/24/2013,183.1482
10/25/2013,178.1217
10/26/2013,175.9008
10/27/2013,185.6888
10/28/2013,187.8683
10/29/2013,198.1932
10/30/2013,194.5493
10/31/2013,198.2263
11/1/2013,198.5098
11/2/2013,200.8473
11/3/2013,207.6335
11/4/2013,225.196
11/5/2013,239.29
11/6/2013,253.6933
11/7/2013,283.3023
11/8/2013,323.767
11/9/2013,336.1358
11/10/2013,311.9005
11/11/2013,332.6263
11/12/2013,349.3425
11/13/2013,393.2795
11/14/2013,410.723
11/15/2013,409.1675
11/16/2013,428.8238
11/17/2013,476.295
11/18/2013,674.3768
11/19/2013,541.8257
11/20/2013,572.6675
11/21/2013,695.8668
11/22/2013,747.4818
11/23/2013,776.6998
11/24/2013,751.377
11/25/2013,778.6753
11/26/2013,899.2
11/27/2013,948.4088
11/28/2013,1037.755
11/29/2013,1120.3971
11/30/2013,1124.7631
12/1/2013,946.9237
12/2/2013,1038.3485
12/3/2013,1068.6675
12/4/2013,1147.2457
12/5/2013,1042.0267
12/6/2013,834.0262
12/7/2013,694.4709
12/8/2013,795.3968
12/9/2013,898.0222
12/10/2013,989.9975
12/11/2013,883.2617
12/12/2013,875.7474
12/13/2013,898.2112
12/14/2013,867.495
12/15/2013,879.4692
12/16/2013,712.508
12/17/2013,683.8408
12/18/2013,522.2288
12/19/2013,698.4503
12/20/2013,622.8418
12/21/2013,608.9638
12/22/2013,617.8158
12/23/2013,673.1677
12/24/2013,667.6203
12/25/2013,687.3557
12/26/2013,765.2067
12/27/2013,746.7232
12/28/2013,730.4715
12/29/2013,745.0712
12/30/2013,754.7645
12/31/2013,757.4953
1/1/2014,770.4357
1/2/2014,808.0485
1/3/2014,830.024
1/4/2014,858.9833
1/5/2014,940.0972
1/6/2014,951.3865
1/7/2014,810.5833
1/8/2014,859.9485
1/9/2014,860.895
1/10/2014,884.6667
1/11/2014,930.905
1/12/2014,873.2635
1/13/2014,857.9564
1/14/2014,851.828
1/15/2014,874.713
1/16/2014,847.3735
1/17/2014,828.222
1/18/2014,843.7583
1/19/2014,878.6807
1/20/2014,871.0483
1/21/2014,874.2885
1/22/2014,863.95
1/23/2014,854.3475
1/24/2014,825.1221
1/25/2014,861.8516
1/26/2014,880.1523
1/27/2014,814.5302
1/28/2014,833.9395
1/29/2014,837.5148
1/30/2014,845.8467
1/31/2014,848.2875
2/1/2014,853.0164
2/2/2014,854.375
2/3/2014,846.9048
2/4/2014,842.0123
2/5/2014,820.867
2/6/2014,783.6211
2/7/2014,703.567
2/8/2014,676.9094
2/9/2014,681.9371
2/10/2014,679.7338
2/11/2014,669.4418
2/12/2014,648.3835
2/13/2014,598.4075
2/14/2014,656.6068
2/15/2014,645.43
2/16/2014,610.6525
2/17/2014,621.494
2/18/2014,621.2235
2/19/2014,617.71
2/20/2014,552.2138
2/21/2014,569.0425
2/22/2014,604.7473
2/23/2014,604.5823
2/24/2014,545.3225
2/25/2014,534.7108
2/26/2014,577.0858
2/27/2014,576.698
2/28/2014,543.9265
3/1/2014,563.7358
3/2/2014,560.3045
3/3/2014,661.1225
3/4/2014,663.598
3/5/2014,661.7858
3/6/2014,658.7245
3/7/2014,625.8278
3/8/2014,615.24
3/9/2014,633.1825
3/10/2014,625.8285
3/11/2014,628.9543
3/12/2014,631.3913
3/13/2014,638.165
3/14/2014,626.7067
3/15/2014,633.6652
3/16/2014,630.7167
3/17/2014,621.2225
3/18/2014,613.6315
3/19/2014,608.8157
3/20/2014,586.5898
3/21/2014,570.7705
3/22/2014,564.4215
3/23/2014,561.3534
3/24/2014,586.2718
3/25/2014,582.2802
3/26/2014,579.0722
3/27/2014,478.1595
3/28/2014,502.4399
3/29/2014,493.1803
3/30/2014,461.8695
3/31/2014,458.4972
4/1/2014,478.7163
4/2/2014,437.515
4/3/2014,447.0822
4/4/2014,448.8792
4/5/2014,464.8259
4/6/2014,460.7028
4/7/2014,446.2195
4/8/2014,450.4638
4/9/2014,440.1983
4/10/2014,360.8407
4/11/2014,420.0563
4/12/2014,420.66
4/13/2014,414.9495
4/14/2014,457.6338
4/15/2014,520.1233
4/16/2014,529.1625
4/17/2014,494.4
4/18/2014,478.2312
4/19/2014,501.5515
4/20/2014,497.3177
4/21/2014,493.0921
4/22/2014,484.429
4/23/2014,486.9317
4/24/2014,500.2568
4/25/2014,459.6104
4/26/2014,456.1395
4/27/2014,429.6537
4/28/2014,437.0587
4/29/2014,444.2533
4/30/2014,445.8655
5/1/2014,456.2673
5/2/2014,446.6438
5/3/2014,436.9381
5/4/2014,434.0643
5/5/2014,429.7242
5/6/2014,426.992
5/7/2014,436.9605
5/8/2014,435.343
5/9/2014,448.235
5/10/2014,452.7108
5/11/2014,436.542
5/12/2014,438.4278
5/13/2014,437.413
5/14/2014,441.7498
5/15/2014,444.3162
5/16/2014,445.0133
5/17/2014,446.3583
5/18/2014,444.809
5/19/2014,444.3128
5/20/2014,485.8305
5/21/2014,489.1625
5/22/2014,526.0577
5/23/2014,519.0392
5/24/2014,525.6332
5/25/2014,570.095
5/26/2014,581.8267
5/27/2014,569.6332
5/28/2014,574.4547
5/29/2014,565.5058
5/30/2014,616.47
5/31/2014,623.2567
6/1/2014,629.0242
6/2/2014,658.786
6/3/2014,665.73
6/4/2014,636.7837
6/5/2014,656.0598
6/6/2014,645.5647
6/7/2014,652.7083
6/8/2014,653.6402
6/9/2014,645.341
6/10/2014,649.8068
6/11/2014,627.9098
6/12/2014,581.8033
6/13/2014,597.4267
6/14/2014,571.6902
6/15/2014,591.9718
6/16/2014,588.06
6/17/2014,607.3427
6/18/2014,604.8752
6/19/2014,592.2648
6/20/2014,588.5215
6/21/2014,591.0298
6/22/2014,598.8765
6/23/2014,587.4598
6/24/2014,575.0667
6/25/2014,562.1263
6/26/2014,579.3842
6/27/2014,600.8645
6/28/2014,591.994
6/29/2014,598.6032
6/30/2014,639.3623
7/1/2014,635.5905
7/2/2014,647.34
7/3/2014,640.6879
7/4/2014,626.9575
7/5/2014,628.3313
7/6/2014,631.7065
7/7/2014,617.9918
7/8/2014,620.2193
7/9/2014,620.5496
7/10/2014,615.1129
7/11/2014,631.1804
7/12/2014,634.4775
7/13/2014,627.5759
7/14/2014,618.3798
7/15/2014,619.3558
7/16/2014,615.2039
7/17/2014,622.6234
7/18/2014,628.2156
7/19/2014,625.8011
7/20/2014,621.3725
7/21/2014,620.0103
7/22/2014,618.8076
7/23/2014,617.9274
7/24/2014,600.0065
7/25/2014,599.928
7/26/2014,593.8526
7/27/2014,590.9454
7/28/2014,584.6931
7/29/2014,582.2034
7/30/2014,564.37
7/31/2014,581.3501
8/1/2014,595.0845
8/2/2014,587.2878
8/3/2014,585.5078
8/4/2014,586.7639
8/5/2014,583.1125
8/6/2014,583.0355
8/7/2014,587.3971
8/8/2014,590.5324
8/9/2014,588.095
8/10/2014,589.45
8/11/2014,573.3066
8/12/2014,568.2099
8/13/2014,544.5681
8/14/2014,508.5536
8/15/2014,496.6164
8/16/2014,519.8314
8/17/2014,492.9513
8/18/2014,460.6719
8/19/2014,486.736
8/20/2014,511.9259
8/21/2014,516.1605
8/22/2014,513.9419
8/23/2014,497.2185
8/24/2014,508.5735
8/25/2014,501.6296
8/26/2014,513.4704
8/27/2014,510.43
8/28/2014,507.0154
8/29/2014,508.4224
8/30/2014,501.2031
8/31/2014,478.0734
9/1/2014,474.1346
9/2/2014,475.3181
9/3/2014,474.537
9/4/2014,489.0865
9/5/2014,480.501
9/6/2014,482.2371
9/7/2014,479.4833
9/8/2014,472.1479
9/9/2014,471.5576
9/10/2014,477.5273
9/11/2014,476.3349
9/12/2014,473.8254
9/13/2014,477.0861
9/14/2014,474.715
9/15/2014,471.3586
9/16/2014,463.7388
9/17/2014,454.9143
9/18/2014,421.4594
9/19/2014,391.9439
9/20/2014,406.8248
9/21/2014,396.567
9/22/2014,398.8854
9/23/2014,435.3779
9/24/2014,422.2984
9/25/2014,408.7985
9/26/2014,401.9203
9/27/2014,398.3571
9/28/2014,376.1983
9/29/2014,374.7344
9/30/2014,386.2687
10/1/2014,381.3324
10/2/2014,371.9859
10/3/2014,356.5566
10/4/2014,325.4921
10/5/2014,319.6406
10/6/2014,328.4594
10/7/2014,334.0911
10/8/2014,352.7889
10/9/2014,363.7751
10/10/2014,358.6859
10/11/2014,359.2029
10/12/2014,376.1891
10/13/2014,388.377
10/14/2014,398.7068
10/15/2014,391.8433
10/16/2014,380.0801
10/17/2014,380.4216
10/18/2014,388.9618
10/19/2014,386.5889
10/20/2014,379.3713
10/21/2014,382.377
10/22/2014,379.0963
10/23/2014,355.8614
10/24/2014,355.1695
10/25/2014,346.1126
10/26/2014,351.5414
10/27/2014,348.9613
10/28/2014,351.8971
10/29/2014,333.3788
10/30/2014,343.7828
10/31/2014,336.7995
11/1/2014,325.3865
11/2/2014,323.7426
11/3/2014,324.2303
11/4/2014,328.2833
11/5/2014,337.139
11/6/2014,348.235
11/7/2014,341.0795
11/8/2014,344.034
11/9/2014,363.3062
11/10/2014,365.2897
11/11/2014,366.9933
11/12/2014,427.2403
11/13/2014,417.1528
11/14/2014,398.4273
11/15/2014,375.1288
11/16/2014,388.5542
11/17/2014,385.8593
11/18/2014,372.377
11/19/2014,377.2368
11/20/2014,356.1388
11/21/2014,348.8617
11/22/2014,352.0417
11/23/2014,366.7687
11/24/2014,375.2355
11/25/2014,375.7174
11/26/2014,368.5104
11/27/2014,369.1426
11/28/2014,375.8489
11/29/2014,375.2228
11/30/2014,377.0901
12/1/2014,378.6444
12/2/2014,381.5364
12/3/2014,374.9728
12/4/2014,369.155
12/5/2014,376.0361
12/6/2014,374.0196
12/7/2014,374.2558
12/8/2014,360.9419
12/9/2014,351.2694
12/10/2014,344.6171
12/11/2014,347.1331
12/12/2014,350.9412
12/13/2014,347.4713
12/14/2014,351.1439
12/15/2014,345.0961
12/16/2014,326.0815
12/17/2014,319.1713
12/18/2014,310.7458
12/19/2014,317.006
12/20/2014,329.5742
12/21/2014,319.2411
12/22/2014,330.6709
12/23/2014,334.0467
12/24/2014,321.8843
12/25/2014,318.6118
12/26/2014,327.1582
12/27/2014,315.167
12/28/2014,316.7959
12/29/2014,312.4412
12/30/2014,309.8708
12/31/2014,319.6958
1/1/2015,313.9247
1/2/2015,314.5916
1/3/2015,279.8507
1/4/2015,263.6343
1/5/2015,272.9486
1/6/2015,285.5759
1/7/2015,294.8778
1/8/2015,283.2513
1/9/2015,288.8441
1/10/2015,274.0668
1/11/2015,265.3692
1/12/2015,267.0873
1/13/2015,226.9823
1/14/2015,177.2795
1/15/2015,210.4636
1/16/2015,207.2243
1/17/2015,199.625
1/18/2015,209.932
1/19/2015,213.9783
1/20/2015,210.4817
1/21/2015,225.9816
1/22/2015,232.6616
1/23/2015,232.9673
1/24/2015,247.9855
1/25/2015,254.5073
1/26/2015,271.9491
1/27/2015,262.0605
1/28/2015,233.2087
1/29/2015,232.4048
1/30/2015,226.5033
1/31/2015,216.9137
2/1/2015,226.3959
2/2/2015,237.5409
2/3/2015,226.9566
2/4/2015,226.7291
2/5/2015,216.7714
2/6/2015,222.4823
2/7/2015,227.3275
2/8/2015,222.8677
2/9/2015,220.1743
2/10/2015,220.0829
2/11/2015,219.4922
2/12/2015,221.8513
2/13/2015,235.7869
2/14/2015,257.4741
2/15/2015,234.3292
2/16/2015,233.5618
2/17/2015,243.5983
2/18/2015,236.2137
2/19/2015,239.835
2/20/2015,243.7756
2/21/2015,244.2557
2/22/2015,235.5299
2/23/2015,238.0845
2/24/2015,238.7601
2/25/2015,237.2513
2/26/2015,236.0951
2/27/2015,252.5111
2/28/2015,253.5283
3/1/2015,258.7425
3/2/2015,271.3525
3/3/2015,281.4497
3/4/2015,271.9222
3/5/2015,274.865
3/6/2015,272.2111
3/7/2015,275.8898
3/8/2015,274.4754
3/9/2015,288.5161
3/10/2015,290.512
3/11/2015,295.8301
3/12/2015,293.8671
3/13/2015,284.2838
3/14/2015,281.3615
3/15/2015,285.3415
3/16/2015,290.3763
3/17/2015,284.4553
3/18/2015,255.3662
3/19/2015,259.7404
3/20/2015,260.838
3/21/2015,259.6162
3/22/2015,267.7968
3/23/2015,265.9432
3/24/2015,245.4422
3/25/2015,246.1339
3/26/2015,247.648
3/27/2015,246.5814
3/28/2015,252.252
3/29/2015,242.0165
3/30/2015,246.852
3/31/2015,243.3894
4/1/2015,246.5548
4/2/2015,252.2566
4/3/2015,253.5439
4/4/2015,253.1206
4/5/2015,259.9451
4/6/2015,254.5187
4/7/2015,252.7965
4/8/2015,244.3604
4/9/2015,243.2604
4/10/2015,235.2201
4/11/2015,236.117
4/12/2015,235.6352
4/13/2015,223.4056
4/14/2015,218.2741
4/15/2015,223.5659
4/16/2015,228.107
4/17/2015,222.2325
4/18/2015,222.843
4/19/2015,221.6913
4/20/2015,224.3076
4/21/2015,235.815
4/22/2015,233.923
4/23/2015,235.5616
4/24/2015,230.786
4/25/2015,225.8529
4/26/2015,218.815
4/27/2015,228.4994
4/28/2015,225.6763
4/29/2015,225.9764
4/30/2015,236.5704
5/1/2015,232.1241
5/2/2015,234.9045
5/3/2015,240.1203
5/4/2015,238.7688
5/5/2015,236.5532
5/6/2015,230.0478
5/7/2015,237.7829
5/8/2015,243.3946
5/9/2015,240.4825
5/10/2015,239.6312
5/11/2015,241.8539
5/12/2015,240.99
5/13/2015,235.7981
5/14/2015,236.739
5/15/2015,237.3101
5/16/2015,235.7265
5/17/2015,236.0996
5/18/2015,232.8655
5/19/2015,231.9434
5/20/2015,234.2455
5/21/2015,235.3048
5/22/2015,240.519
5/23/2015,239.0331
5/24/2015,241.1864
5/25/2015,237.4879
5/26/2015,237.3271
5/27/2015,237.1847
5/28/2015,237.4716
5/29/2015,237.1049
5/30/2015,233.2939
5/31/2015,229.9992
6/1/2015,223.3086
6/2/2015,225.7461
6/3/2015,225.6452
6/4/2015,224.371
6/5/2015,225.0357
6/6/2015,225.6791
6/7/2015,223.3896
6/8/2015,228.6452
6/9/2015,229.3327
6/10/2015,228.9521
6/11/2015,230.0189
6/12/2015,230.2041
6/13/2015,232.7533
6/14/2015,233.8536
6/15/2015,237.3096
6/16/2015,250.8977
6/17/2015,249.1681
6/18/2015,248.8732
6/19/2015,243.547
6/20/2015,245.2612
6/21/2015,244.01
6/22/2015,246.77
6/23/2015,243.9862
6/24/2015,240.2155
6/25/2015,242.422
6/26/2015,242.6424
6/27/2015,250.7066
6/28/2015,248.0673
6/29/2015,256.4875
6/30/2015,262.4843
7/1/2015,257.6604
7/2/2015,254.3505
7/3/2015,255.5961
7/4/2015,260.3488
7/5/2015,271.0153
7/6/2015,268.4935
7/7/2015,264.9566
7/8/2015,269.6459
7/9/2015,268.1134
7/10/2015,283.881
7/11/2015,291.6873
7/12/2015,309.9778
7/13/2015,290.8811
7/14/2015,286.1856
7/15/2015,283.8231
7/16/2015,277.8273
7/17/2015,278.4883
7/18/2015,274.4938
7/19/2015,272.4889
7/20/2015,278.4139
7/21/2015,275.0995
7/22/2015,276.6174
7/23/2015,275.6266
7/24/2015,287.9738
7/25/2015,288.1343
7/26/2015,291.6372
7/27/2015,292.7306
7/28/2015,293.7851
7/29/2015,288.7681
7/30/2015,287.2898
7/31/2015,283.9417
8/1/2015,280.0371
8/2/2015,281.65
8/3/2015,280.4796
8/4/2015,284.5033
8/5/2015,281.3783
8/6/2015,278.2516
8/7/2015,279.0303
8/8/2015,260.2
8/9/2015,264.4388
8/10/2015,263.7615
8/11/2015,270.9167
8/12/2015,265.6418
8/13/2015,263.3371
8/14/2015,264.8686
8/15/2015,260.7343
8/16/2015,257.6735
8/17/2015,256.984
8/18/2015,219.0045
8/19/2015,225.3944
8/20/2015,234.6873
8/21/2015,231.9406
8/22/2015,229.7444
8/23/2015,227.589
8/24/2015,209.1322
8/25/2015,221.7118
8/26/2015,225.3798
8/27/2015,224.261
8/28/2015,230.9825
8/29/2015,229.7562
8/30/2015,228.6088
8/31/2015,230.0173
9/1/2015,227.3469
9/2/2015,228.8551
9/3/2015,226.765
9/4/2015,230.0851
9/5/2015,234.6771
9/6/2015,239.4383
9/7/2015,240.0202
9/8/2015,243.5473
9/9/2015,238.2916
9/10/2015,238.5896
9/11/2015,240.0838
9/12/2015,234.8185
9/13/2015,230.328
9/14/2015,230.2406
9/15/2015,229.9241
9/16/2015,228.7976
9/17/2015,232.7924
9/18/2015,232.7167
9/19/2015,231.2382
9/20/2015,230.8605
9/21/2015,226.6056
9/22/2015,230.5237
9/23/2015,229.9556
9/24/2015,234.2833
9/25/2015,234.8379
9/26/2015,234.2083
9/27/2015,232.8486
9/28/2015,239.3428
9/29/2015,236.6214
9/30/2015,236.2455
10/1/2015,237.5698
10/2/2015,237.4021
10/3/2015,239.0891
10/4/2015,238.6874
10/5/2015,240.5872
10/6/2015,246.4218
10/7/2015,243.2664
10/8/2015,242.6905
10/9/2015,244.3213
10/10/2015,245.3313
10/11/2015,247.5253
10/12/2015,245.5856
10/13/2015,249.9352
10/14/2015,252.5949
10/15/2015,254.8133
10/16/2015,262.9353
10/17/2015,271.2039
10/18/2015,262.9003
10/19/2015,264.4158
10/20/2015,270.2188
10/21/2015,267.3272
10/22/2015,274.4108
10/23/2015,277.4554
10/24/2015,282.6605
10/25/2015,283.0717
10/26/2015,286.1325
10/27/2015,294.3998
10/28/2015,303.8866
10/29/2015,313.5861
10/30/2015,326.0045
10/31/2015,312.4321
11/1/2015,325.082
11/2/2015,359.3523
11/3/2015,400.7063
11/4/2015,408.7414
11/5/2015,387.51
11/6/2015,374.95
11/7/2015,384.8
11/8/2015,373.487
11/9/2015,380.043
11/10/2015,337.932
11/11/2015,312.578
11/12/2015,336.856
11/13/2015,337.292
11/14/2015,333.553
11/15/2015,319.9283
11/16/2015,331.59
11/17/2015,335.77
11/18/2015,334.973
11/19/2015,326.315
11/20/2015,321.988
11/21/2015,327.174
11/22/2015,324.344
11/23/2015,323.257
11/24/2015,320.161
11/25/2015,328.983
11/26/2015,353.304
11/27/2015,358.185
11/28/2015,357.663
11/29/2015,371.864
11/30/2015,376.907
12/1/2015,362.729
12/2/2015,359.43
12/3/2015,361.308
12/4/2015,363.4825
12/5/2015,388.861
12/6/2015,388.458
12/7/2015,395.865
12/8/2015,418.136
12/9/2015,418.036
12/10/2015,415.252
12/11/2015,453.9
12/12/2015,435.897
12/13/2015,433.537
12/14/2015,443.839
12/15/2015,465.502
12/16/2015,455.375
12/17/2015,455.987
12/18/2015,463.844
12/19/2015,462.226
12/20/2015,442.496
12/21/2015,437.761
12/22/2015,435.5
12/23/2015,442.839
12/24/2015,454.848
12/25/2015,455.312
12/26/2015,417.216
12/27/2015,422.523
12/28/2015,421.265
12/29/2015,432.618
12/30/2015,426.145
12/31/2015,430.05
1/1/2016,434.463
1/2/2016,433.586
1/3/2016,430.361
1/4/2016,433.493
1/5/2016,432.253
1/6/2016,429.464
1/7/2016,458.28
1/8/2016,453.37
1/9/2016,449.143
1/10/2016,448.964
1/11/2016,448.385
1/12/2016,432.884
1/13/2016,432.04
1/14/2016,429.729
1/15/2016,358.766
1/16/2016,387.665
1/17/2016,380.208
1/18/2016,385.844
1/19/2016,377.745
1/20/2016,418.742
1/21/2016,409.945
1/22/2016,381.761
1/23/2016,386.191
1/24/2016,402.61
1/25/2016,390.663
1/26/2016,391.43
1/27/2016,394.629
1/28/2016,379.384
1/29/2016,378.2
1/30/2016,376.937
1/31/2016,367.135
2/1/2016,371.248
2/2/2016,372.877
2/3/2016,368.933
2/4/2016,388.612
2/5/2016,385.338
2/6/2016,375.405
2/7/2016,375.284
2/8/2016,371.101
2/9/2016,373.321
2/10/2016,379.96
2/11/2016,377.72
2/12/2016,383.126
2/13/2016,392.182
2/14/2016,406.738
2/15/2016,399.485
2/16/2016,407.361
2/17/2016,415.561
2/18/2016,421.637
2/19/2016,420.334
2/20/2016,436.517
2/21/2016,438.985
2/22/2016,438.072
2/23/2016,419.981
2/24/2016,424.362
2/25/2016,423.517
2/26/2016,432.064
2/27/2016,432.138
2/28/2016,432.64
2/29/2016,436.608
3/1/2016,433.637
3/2/2016,421.598
3/3/2016,419.466
3/4/2016,407.982
3/5/2016,397.833
3/6/2016,404.55
3/7/2016,412.982
3/8/2016,411.758
3/9/2016,412.618
3/10/2016,416.16
3/11/2016,419.887
3/12/2016,410.132
3/13/2016,412.291
3/14/2016,415.091
3/15/2016,415.383
3/16/2016,416.253
3/17/2016,418.452
3/18/2016,408.036
3/19/2016,408.52
3/20/2016,410.751
3/21/2016,411.423
3/22/2016,416.926
3/23/2016,417.386
3/24/2016,414.341
3/25/2016,415.687
3/26/2016,416.73
3/27/2016,425.378
3/28/2016,422.756
3/29/2016,415.553
3/30/2016,412.69
3/31/2016,415.161
4/1/2016,417.009
4/2/2016,419.686
4/3/2016,419.385
4/4/2016,419.416
4/5/2016,422.653
4/6/2016,421.7
4/7/2016,421.204
4/8/2016,418.089
4/9/2016,418.419
4/10/2016,421.111
4/11/2016,422.99
4/12/2016,425.99
4/13/2016,424.401
4/14/2016,425.106
4/15/2016,429.98
4/16/2016,430.837
4/17/2016,427.862
4/18/2016,429.054
4/19/2016,436.105
4/20/2016,442.156
4/21/2016,451.102
4/22/2016,447.636
4/23/2016,452.584
4/24/2016,460.327
4/25/2016,462.51
4/26/2016,467.803
4/27/2016,445.012
4/28/2016,449.856
4/29/2016,456.35
4/30/2016,449.333
5/1/2016,453.042
5/2/2016,444.513
5/3/2016,450.274
5/4/2016,446.962
5/5/2016,448.527
5/6/2016,460.374
5/7/2016,459.465
5/8/2016,459.437
5/9/2016,461.491
5/10/2016,450.987
5/11/2016,452.113
5/12/2016,454.818
5/13/2016,455.735
5/14/2016,455.753
5/15/2016,457.848
5/16/2016,453.41
5/17/2016,452.746
5/18/2016,453.378
5/19/2016,436.729
5/20/2016,442.953
5/21/2016,443.135
5/22/2016,438.773
5/23/2016,443.734
5/24/2016,445.13
5/25/2016,449.234
5/26/2016,453.819
5/27/2016,473.467
5/28/2016,525.433
5/29/2016,524.083
5/30/2016,532.586
5/31/2016,531.797
6/1/2016,536.424
6/2/2016,538.145
6/3/2016,570.471
6/4/2016,573.45
6/5/2016,574.106
6/6/2016,585.531
6/7/2016,577.856
6/8/2016,583.105
6/9/2016,576.454
6/10/2016,579.131
6/11/2016,611.777
6/12/2016,675.343
6/13/2016,705.619
6/14/2016,685.989
6/15/2016,696.323
6/16/2016,768.242
6/17/2016,747.554
6/18/2016,755.684
6/19/2016,764.045
6/20/2016,727.949
6/21/2016,665.876
6/22/2016,602.887
6/23/2016,625.495
6/24/2016,665.162
6/25/2016,665.329
6/26/2016,630.246
6/27/2016,658.399
6/28/2016,646.304
6/29/2016,639.082
6/30/2016,672.485
7/1/2016,676.523
7/2/2016,703.686
7/3/2016,659.688
7/4/2016,681.63
7/5/2016,668.092
7/6/2016,676.113
7/7/2016,639.761
7/8/2016,664.743
7/9/2016,650.627
7/10/2016,649.962
7/11/2016,649.027
7/12/2016,664.839
7/13/2016,653.934
7/14/2016,659.636
7/15/2016,664.876
7/16/2016,663.541
7/17/2016,679.051
7/18/2016,673.594
7/19/2016,673.843
7/20/2016,666.18
7/21/2016,665.099
7/22/2016,650.822
7/23/2016,654.862
7/24/2016,661.05
7/25/2016,655.135
7/26/2016,651.077
7/27/2016,655.442
7/28/2016,655.627
7/29/2016,656.669
7/30/2016,654.976
7/31/2016,625.881
8/1/2016,607.374
8/2/2016,552.821
8/3/2016,565.2638
8/4/2016,578.3213
8/5/2016,574.9563
8/6/2016,588.4225
8/7/2016,592.78
8/8/2016,590.6225
8/9/2016,584.7588
8/10/2016,592.8925
8/11/2016,586.525
8/12/2016,586.0263
8/13/2016,585.0813
8/14/2016,571.4438
8/15/2016,567.2025
8/16/2016,576.2488
8/17/2016,571.745
8/18/2016,572.5025
8/19/2016,573.6638
8/20/2016,580.7025
8/21/2016,580.69
8/22/2016,584.7325
8/23/2016,581.2813
8/24/2016,577.995
8/25/2016,575.7338
8/26/2016,578.1563
8/27/2016,568.6663
8/28/2016,573.555
8/29/2016,572.3613
8/30/2016,575.9988
8/31/2016,572.3338
9/1/2016,571.6938
9/2/2016,574.1475
9/3/2016,598.3838
9/4/2016,608.9175
9/5/2016,606.0275
9/6/2016,611.07
9/7/2016,614.7875
9/8/2016,624.9488
9/9/2016,621.7963
9/10/2016,622.2125
9/11/2016,605.8088
9/12/2016,606.3075
9/13/2016,606.9213
9/14/2016,608.22
9/15/2016,605.21
9/16/2016,606.3338
9/17/2016,605.2938
9/18/2016,608.6988
9/19/2016,608.5275
9/20/2016,599.4738
9/21/2016,595.7988
9/22/2016,595.035
9/23/2016,601.7138
9/24/2016,601.3413
9/25/2016,599.1763
9/26/2016,606.8125
9/27/2016,604.7625
9/28/2016,603.5188
9/29/2016,605.0588
9/30/2016,608.4375
10/1/2016,613.9338
10/2/2016,610.2913
10/3/2016,612.3375
10/4/2016,609.375
10/5/2016,610.885
10/6/2016,610.9
10/7/2016,616.4888
10/8/2016,616.5963
10/9/2016,614.6238
10/10/2016,617.4225
10/11/2016,639.3738
10/12/2016,635.0813
10/13/2016,635.02
10/14/2016,638.3675
10/15/2016,637.3713
10/16/2016,639.8275
10/17/2016,636.92
10/18/2016,635.5088
10/19/2016,628.1538
10/20/2016,628.6225
10/21/2016,630.1538
10/22/2016,652.715
10/23/2016,649.245
10/24/2016,648.3988
10/25/2016,652.895
10/26/2016,674.3575
10/27/2016,686.52
10/28/2016,688.0963
10/29/2016,712.87
10/30/2016,696.3538
10/31/2016,697.3688
11/1/2016,729.2713
11/2/2016,742.465
11/3/2016,687.5075
11/4/2016,702.5375
11/5/2016,704.1638
11/6/2016,712.2363
11/7/2016,704.0188
11/8/2016,709.1525
11/9/2016,721.1913
11/10/2016,713.6675
11/11/2016,716.5563
11/12/2016,703.5463
11/13/2016,702.5038
11/14/2016,706.395
11/15/2016,711.9563
11/16/2016,742.07
11/17/2016,735.4063
11/18/2016,749.6775
11/19/2016,750.6325
11/20/2016,728.6075
11/21/2016,736.7163
11/22/2016,748.225
11/23/2016,741.5963
11/24/2016,736.3988
11/25/2016,738.2775
11/26/2016,732.8238
11/27/2016,728.425
11/28/2016,731.7463
11/29/2016,731.765
11/30/2016,742.0075
12/1/2016,753.255
12/2/2016,771.4075
12/3/2016,764.9725
12/4/2016,766.4638
12/5/2016,750.7088
12/6/2016,758.81
12/7/2016,763.8975
12/8/2016,766.7513
12/9/2016,770.415
12/10/2016,773.2113
12/11/2016,768.6213
12/12/2016,777.9113
12/13/2016,775.25
12/14/2016,776.6363
12/15/2016,775.48
12/16/2016,780.85
12/17/2016,788.5763
12/18/2016,788.5888
12/19/2016,790.1563
12/20/2016,798.785
12/21/2016,833.1025
12/22/2016,858.7363
12/23/2016,916.7875
12/24/2016,894.2025
12/25/2016,894.4825
12/26/2016,902.5538
12/27/2016,931.1138
12/28/2016,978.0088
12/29/2016,969.625
12/30/2016,960.4713
12/31/2016,968.2275
1/1/2017,997.6888
1/2/2017,1018.05
1/3/2017,1030.8175
1/4/2017,1129.87
1/5/2017,1005.815
1/6/2017,895.67
1/7/2017,905.17
1/8/2017,913.5238
1/9/2017,899.35
1/10/2017,904.7925
1/11/2017,775.9813
1/12/2017,802.8288
1/13/2017,826.1213
1/14/2017,818.6388
1/15/2017,822.4225
1/16/2017,830.2638
1/17/2017,904.4538
1/18/2017,884.2513
1/19/2017,898.0213
1/20/2017,891.6238
1/21/2017,920.0113
1/22/2017,925.3313
1/23/2017,912.6875
1/24/2017,885.6475
1/25/2017,894.11
1/26/2017,915.1
1/27/2017,918.5625
1/28/2017,920.28
1/29/2017,914.0438
1/30/2017,920.2413
1/31/2017,967.6675
2/1/2017,987.3463
2/2/2017,1007.795
2/3/2017,1018.1113
2/4/2017,1033.6525
2/5/2017,1013.9938
2/6/2017,1024.6125
2/7/2017,1052.5388
2/8/2017,1054.3438
2/9/2017,988.9475
2/10/2017,993.0788
2/11/2017,1010.0025
2/12/2017,999.5125
2/13/2017,996.8575
2/14/2017,1009.2513
2/15/2017,1009.1163
2/16/2017,1034.0825
2/17/2017,1053.1225
2/18/2017,1058.4063
2/19/2017,1052.8175
2/20/2017,1083.2413
2/21/2017,1123.6563
2/22/2017,1122.195
2/23/2017,1178.384
2/24/2017,1180.918
2/25/2017,1151.581
2/26/2017,1179.968
2/27/2017,1194.278
2/28/2017,1190.888
3/1/2017,1230.016
3/2/2017,1260.924
3/3/2017,1290.786
3/4/2017,1267.68
3/5/2017,1277.685
3/6/2017,1280.868
3/7/2017,1232.431
3/8/2017,1150.481
3/9/2017,1191.815
3/10/2017,1117.025
3/11/2017,1181.645
3/12/2017,1229.505
3/13/2017,1243.242
3/14/2017,1246.309
3/15/2017,1259.601
3/16/2017,1172.909
3/17/2017,1070.128
3/18/2017,970.598
3/19/2017,1017.8
3/20/2017,1041.343
3/21/2017,1115.039
3/22/2017,1037.44
3/23/2017,1029.95
3/24/2017,935.946
3/25/2017,964.692
3/26/2017,965.229
3/27/2017,1040.491
3/28/2017,1044.251
3/29/2017,1040.392
3/30/2017,1037.527
3/31/2017,1079.748
4/1/2017,1089.511
4/2/2017,1098.776
4/3/2017,1147.631
4/4/2017,1143.746
4/5/2017,1134.998
4/6/2017,1190.597
4/7/2017,1193.019
4/8/2017,1184.824
4/9/2017,1210.055
4/10/2017,1213.339
4/11/2017,1224.767
4/12/2017,1216.505
4/13/2017,1178.533
4/14/2017,1183.44
4/15/2017,1180.699
4/16/2017,1184.787
4/17/2017,1203.731
4/18/2017,1217.596
4/19/2017,1226.939
4/20/2017,1255.403
4/21/2017,1257.135
4/22/2017,1244.375
4/23/2017,1248.2175
4/24/2017,1248.325
4/25/2017,1263.545
4/26/2017,1284.845
4/27/2017,1329.19
4/28/2017,1320.0513
4/29/2017,1327.0388
4/30/2017,1347.9588
5/1/2017,1402.0838
5/2/2017,1443.6825
5/3/2017,1491.9988
5/4/2017,1515.6288
5/5/2017,1512.2088
5/6/2017,1548.2863
5/7/2017,1555.4713
5/8/2017,1639.3225
5/9/2017,1706.9313
5/10/2017,1756.8025
5/11/2017,1807.3725
5/12/2017,1676.9938
5/13/2017,1759.9613
5/14/2017,1772.4163
5/15/2017,1697.3788
5/16/2017,1718.2013
5/17/2017,1802.1638
5/18/2017,1887.3263
5/19/2017,1968.1025
5/20/2017,2051.735
5/21/2017,2055.6175
5/22/2017,2139.0275
5/23/2017,2291.4775
5/24/2017,2476.2963
5/25/2017,2357.5038
5/26/2017,2247.4825
5/27/2017,2106.3075
5/28/2017,2207.5775
5/29/2017,2289.87
5/30/2017,2197.2338
5/31/2017,2330.2338
6/1/2017,2452.1813
6/2/2017,2517.4088
6/3/2017,2555.6538
6/4/2017,2552.8088
6/5/2017,2736.595
6/6/2017,2914.0825
6/7/2017,2694.2188
6/8/2017,2825.0313
6/9/2017,2826.7
6/10/2017,2942.345
6/11/2017,3018.545
6/12/2017,2682.595
6/13/2017,2738.9313
6/14/2017,2494.485
6/15/2017,2456.9238
6/16/2017,2528.1025
6/17/2017,2663.9975
6/18/2017,2576.1713
6/19/2017,2641.665
6/20/2017,2778.8275
6/21/2017,2712.1575
6/22/2017,2740.79
6/23/2017,2738.225
6/24/2017,2619.1188
6/25/2017,2594.4538
6/26/2017,2485.3588
6/27/2017,2593.17
6/28/2017,2584.5638
6/29/2017,2561.5613
6/30/2017,2499.9838
7/1/2017,2460.2
7/2/2017,2529.7838
7/3/2017,2581.0663
7/4/2017,2625.0713
7/5/2017,2629.2725
7/6/2017,2619.1125
7/7/2017,2521.2363
7/8/2017,2579.9338
7/9/2017,2525.675
7/10/2017,2371.96
7/11/2017,2332.1875
7/12/2017,2423.16
7/13/2017,2364.5163
7/14/2017,2232.655
7/15/2017,1993.2588
7/16/2017,1938.9425
7/17/2017,2244.265
7/18/2017,2327.8975
7/19/2017,2294.405
7/20/2017,2877.3863
7/21/2017,2694.2913
7/22/2017,2838.81
7/23/2017,2762.6263
7/24/2017,2779.0438
7/25/2017,2591.2163
7/26/2017,2550.18
7/27/2017,2697.4725
7/28/2017,2805.1788
7/29/2017,2720.08
7/30/2017,2746.3263
7/31/2017,2873.8325
8/1/2017,2735.5875
8/2/2017,2723.58
8/3/2017,2814.3613
8/4/2017,2883.6813
8/5/2017,3301.7588
8/6/2017,3255.0025
8/7/2017,3431.9688
8/8/2017,3453.1625
8/9/2017,3377.5438
8/10/2017,3445.28
8/11/2017,3679.6075
8/12/2017,3917.6488
8/13/2017,4111.1963
8/14/2017,4382.7413
8/15/2017,4204.43
8/16/2017,4425.2963
8/17/2017,4316.34
8/18/2017,4159.4575
8/19/2017,4206.1313
8/20/2017,4111.22
8/21/2017,4054.9425
8/22/2017,4137.6725
8/23/2017,4191.2175
8/24/2017,4362.475
8/25/2017,4408.3238
8/26/2017,4387.4613
8/27/2017,4394.515
8/28/2017,4439.6588
8/29/2017,4648.1338
8/30/2017,4630.7275
8/31/2017,4764.8675
9/1/2017,4950.7238
9/2/2017,4643.975
9/3/2017,4631.695
9/4/2017,4319.7213
9/5/2017,4422.1213
9/6/2017,4626.72
9/7/2017,4638.0975
9/8/2017,4317.5375
9/9/2017,4291.88
9/10/2017,4191.175
9/11/2017,4188.845
9/12/2017,4148.2675
9/13/2017,3874.2588
9/14/2017,3226.4125
9/15/2017,3686.9
9/16/2017,3678.7375
9/17/2017,3672.5663
9/18/2017,4067.0775
9/19/2017,3896.9988
9/20/2017,3858.0888
9/21/2017,3612.6813
9/22/2017,3603.3088
9/23/2017,3777.2938
9/24/2017,3662.12
9/25/2017,3927.4988
9/26/2017,3895.5125
9/27/2017,4208.5613
9/28/2017,4185.2925
9/29/2017,4164.1038
9/30/2017,4353.0475
10/1/2017,4394.6388
10/2/2017,4404.0975
10/3/2017,4320.09
10/4/2017,4225.9238
10/5/2017,4322.755
10/6/2017,4370.245
10/7/2017,4437.0338
10/8/2017,4596.9625
10/9/2017,4772.975
10/10/2017,4754.6988
10/11/2017,4830.7663
10/12/2017,5439.1338
10/13/2017,5640.1275
10/14/2017,5809.6938
10/15/2017,5697.3917
10/16/2017,5754.2213
10/17/2017,5595.235
10/18/2017,5572.1988
10/19/2017,5699.5838
10/20/2017,5984.0863
10/21/2017,6013.2288
10/22/2017,5984.9563
10/23/2017,5895.2988
10/24/2017,5518.85
10/25/2017,5733.9038
10/26/2017,5888.145
10/27/2017,5767.68
10/28/2017,5732.825
10/29/2017,6140.5313
10/30/2017,6121.8
10/31/2017,6447.6675
11/1/2017,6750.1725
11/2/2017,7030.0025
11/3/2017,7161.4513
11/4/2017,7386.9988
11/5/2017,7382.4488
11/6/2017,6958.2113
11/7/2017,7118.8013
11/8/2017,7458.795
11/9/2017,7146.7813
11/10/2017,6570.3125
11/11/2017,6337
11/12/2017,5857.3175
11/13/2017,6517.6763
11/14/2017,6598.7688
11/15/2017,7279.0013
11/16/2017,7843.9375
11/17/2017,7689.9088
11/18/2017,7776.94
11/19/2017,8033.9363
11/20/2017,8238.2025
11/21/2017,8095.5938
11/22/2017,8230.6925
11/23/2017,8002.6413
11/24/2017,8201.4613
11/25/2017,8763.785
11/26/2017,9326.5888
11/27/2017,9739.055
11/28/2017,9908.2288
11/29/2017,9816.3475
11/30/2017,9916.5363
12/1/2017,10859.5625
12/2/2017,10895.0138
12/3/2017,11180.8875
12/4/2017,11616.855
12/5/2017,11696.0583
12/6/2017,13708.9913
12/7/2017,16858.02
12/8/2017,16057.145
12/9/2017,14913.4038
12/10/2017,15036.9563
12/11/2017,16699.6775
12/12/2017,17178.1025
12/13/2017,16407.2025
12/14/2017,16531.0838
12/15/2017,17601.9438
12/16/2017,19343.04
12/17/2017,19086.6438
12/18/2017,18960.5225
12/19/2017,17608.35
12/20/2017,16454.7225
12/21/2017,15561.05
12/22/2017,13857.145
12/23/2017,14548.71
12/24/2017,13975.4363
12/25/2017,13917.0275
12/26/2017,15745.2575
12/27/2017,15378.285
12/28/2017,14428.76
12/29/2017,14427.87
12/30/2017,12629.8138
12/31/2017,13860.1363
1/1/2018,13412.44
1/2/2018,14740.7563
1/3/2018,15134.6513
1/4/2018,15155.2263
1/5/2018,16937.1738
1/6/2018,17135.8363
1/7/2018,16178.495
1/8/2018,14970.3575
1/9/2018,14439.4738
1/10/2018,14890.7225
1/11/2018,13287.26
1/12/2018,13812.715
1/13/2018,14188.785
1/14/2018,13619.0288
1/15/2018,13585.9013
1/16/2018,11348.02
1/17/2018,11141.2488
1/18/2018,11250.6475
1/19/2018,11514.925
1/20/2018,12759.6413
1/21/2018,11522.8588
1/22/2018,10772.15
1/23/2018,10839.8263
1/24/2018,11399.52
1/25/2018,11137.2375
1/26/2018,11090.0638
1/27/2018,11407.1538
1/28/2018,11694.4675
1/29/2018,11158.3938
1/30/2018,10034.9975
1/31/2018,10166.5063
2/1/2018,9052.5763
2/2/2018,8827.63
2/3/2018,9224.3913
2/4/2018,8186.6488
2/5/2018,6914.26
2/6/2018,7700.3863
2/7/2018,7581.8038
2/8/2018,8237.2363
2/9/2018,8689.8388
2/10/2018,8556.6125
2/11/2018,8070.7963
2/12/2018,8891.2125
2/13/2018,8516.2438
2/14/2018,9477.84
2/15/2018,10016.4888
2/16/2018,10178.7125
2/17/2018,11092.1475
2/18/2018,10396.63
2/19/2018,11159.7238
2/20/2018,11228.2413
2/21/2018,10456.1725
2/22/2018,9830.4263
2/23/2018,10149.4625
2/24/2018,9682.3825
2/25/2018,9586.46
2/26/2018,10313.0825
2/27/2018,10564.4188
2/28/2018,10309.6413
3/1/2018,10907.59
3/2/2018,11019.5213
3/3/2018,11438.6513
3/4/2018,11479.7313
3/5/2018,11432.9825
3/6/2018,10709.5275
3/7/2018,9906.8
3/8/2018,9299.2838
3/9/2018,9237.05
3/10/2018,8787.1638
3/11/2018,9532.7413
3/12/2018,9118.2713
3/13/2018,9144.1475
3/14/2018,8196.8975
3/15/2018,8256.9938
3/16/2018,8269.3275
3/17/2018,7862.1088
3/18/2018,8196.0225
3/19/2018,8594.1913
3/20/2018,8915.9038
3/21/2018,8895.4
3/22/2018,8712.8913
3/23/2018,8918.7438
3/24/2018,8535.8938
3/25/2018,8449.835
3/26/2018,8138.3363
3/27/2018,7790.1575
3/28/2018,7937.205
3/29/2018,7086.4875
3/30/2018,6844.3213
3/31/2018,6926.0175
4/1/2018,6816.74
4/2/2018,7049.7938
4/3/2018,7417.8875
4/4/2018,6789.3013
4/5/2018,6774.7513
4/6/2018,6620.4088
4/7/2018,6896.2813
4/8/2018,7022.7088
4/9/2018,6773.9388
4/10/2018,6830.9038
4/11/2018,6939.55
4/12/2018,7916.3725
4/13/2018,7889.2313
4/14/2018,8003.6813
4/15/2018,8357.0375
4/16/2018,8051.345
4/17/2018,7890.15
4/18/2018,8163.69
4/19/2018,8273.7413
4/20/2018,8863.5025
4/21/2018,8917.5963
4/22/2018,8792.83
4/23/2018,8938.3038
4/24/2018,9652.1563
4/25/2018,8864.0875
4/26/2018,9278.9975
4/27/2018,8978.3325
4/28/2018,9342.4713
4/29/2018,9392.0313
4/30/2018,9244.3225
5/1/2018,9067.715
5/2/2018,9219.8638
5/3/2018,9734.675
5/4/2018,9692.7175
5/5/2018,9826.5975
5/6/2018,9619.1438
5/7/2018,9362.5338
5/8/2018,9180.1588
5/9/2018,9306
5/10/2018,9014.615
5/11/2018,8406.175
5/12/2018,8467.6563
5/13/2018,8688.0288
5/14/2018,8675.2063
5/15/2018,8474.2388
5/16/2018,8340.2988
5/17/2018,8058.6038
5/18/2018,8240.725
5/19/2018,8234.1525
5/20/2018,8520.8125
5/21/2018,8395.2325
5/22/2018,7983.5175
5/23/2018,7502.5588
5/24/2018,7578.6913
5/25/2018,7460.6938
5/26/2018,7334.1638
5/27/2018,7344.9675
5/28/2018,7105.6725
5/29/2018,7460.5838
5/30/2018,7375.67
5/31/2018,7487.1875
6/1/2018,7518.245
6/2/2018,7636.1938
6/3/2018,7711.365
6/4/2018,7490.59
6/5/2018,7616.8913
6/6/2018,7655.9788
6/7/2018,7688.0038
6/8/2018,7616.1025
6/9/2018,7497.3438
6/10/2018,6765.8013
6/11/2018,6877.1825
6/12/2018,6548.33
6/13/2018,6299.5225
6/14/2018,6637.7388
6/15/2018,6410.7225
6/16/2018,6485.8688
6/17/2018,6443.6725
6/18/2018,6709.48
6/19/2018,6737.4138
6/20/2018,6758.3788
6/21/2018,6717.2025
6/22/2018,6053.8963
6/23/2018,6170.56
6/24/2018,6150.1888
6/25/2018,6247.4675
6/26/2018,6074.9175
6/27/2018,6132.5625
6/28/2018,5848.2638
6/29/2018,6203.9013
6/30/2018,6387.3063
7/1/2018,6347.8588
7/2/2018,6613.27
7/3/2018,6504.9263
7/4/2018,6584.7663
7/5/2018,6531.2
7/6/2018,6600.9863
7/7/2018,6755.5613
7/8/2018,6704.1825
7/9/2018,6664.2063
7/10/2018,6302.49
7/11/2018,6381.8725
7/12/2018,6245.6338
7/13/2018,6217.6063
7/14/2018,6247.2275
7/15/2018,6349.0375
7/16/2018,6726.405
7/17/2018,7314.9425
7/18/2018,7378.7575
7/19/2018,7470.825
7/20/2018,7330.5363
7/21/2018,7404.2875
7/22/2018,7396.2863
7/23/2018,7717.5
7/24/2018,8397.635
7/25/2018,8166.76
7/26/2018,7929.61
7/27/2018,8183.025
7/28/2018,8229.96
7/29/2018,8215.56
7/30/2018,8167.9988
7/31/2018,7726.8913
8/1/2018,7603.7488
8/2/2018,7535.02
8/3/2018,7415.5613
8/4/2018,7009.0888
8/5/2018,7026.9913
8/6/2018,6937.0738
8/7/2018,6717.2088
8/8/2018,6280.58
8/9/2018,6537.9025
8/10/2018,6143.305
8/11/2018,6233.3813
8/12/2018,6312.8338
8/13/2018,6252.37
8/14/2018,6192.3063
8/15/2018,6270.0425
8/16/2018,6314.2413
8/17/2018,6583.2388
8/18/2018,6395.3525
8/19/2018,6485.7463
8/20/2018,6256.6063
8/21/2018,6477.3763
8/22/2018,6357.5875
8/23/2018,6525.6088
8/24/2018,6692.6213
8/25/2018,6732.5025
8/26/2018,6707.6325
8/27/2018,6907.6613
8/28/2018,7076.745
8/29/2018,7035.8125
8/30/2018,6982.4
8/31/2018,7013.9738
9/1/2018,7192.2988
9/2/2018,7295.13
9/3/2018,7261.4863
9/4/2018,7358.4963
9/5/2018,6687.0125
9/6/2018,6498.6188
9/7/2018,6396.2688
9/8/2018,6183.38
9/9/2018,6238.54
9/10/2018,6305.5738
9/11/2018,6282.9213
9/12/2018,6328.93
9/13/2018,6486.6213
9/14/2018,6492.375
9/15/2018,6515.8988
9/16/2018,6497.3663
9/17/2018,6251.16
9/18/2018,6334.1963
9/19/2018,6388.9788
9/20/2018,6491.64
9/21/2018,6753.18
9/22/2018,6712.1675
9/23/2018,6701.2975
9/24/2018,6581.51
9/25/2018,6434.6488
9/26/2018,6458.6525
9/27/2018,6684.1313
9/28/2018,6621.665
9/29/2018,6583.7713
9/30/2018,6606.085
10/1/2018,6578.7938
10/2/2018,6506.6575
10/3/2018,6470.7138
10/4/2018,6555.875
10/5/2018,6589.4038
10/6/2018,6563.425
10/7/2018,6582.4013
10/8/2018,6622.4013
10/9/2018,6606.8825
10/10/2018,6550.7313
10/11/2018,6177.2338
10/12/2018,6211.6688
10/13/2018,6227.51
10/14/2018,6222.215
10/15/2018,6513.3838
10/16/2018,6531.3625
10/17/2018,6514.6413
10/18/2018,6450.785
10/19/2018,6418.8525
10/20/2018,6455.485
10/21/2018,6453.82
10/22/2018,6448.0988
10/23/2018,6434.2538
10/24/2018,6450.31
10/25/2018,6427.3975
10/26/2018,6436.9713
10/27/2018,6431.0888
10/28/2018,6426.55
10/29/2018,6285.2338
10/30/2018,6283.5263
10/31/2018,6320.4588
11/1/2018,6358.4
11/2/2018,6368.855
11/3/2018,6346.8063
11/4/2018,6439.4788
11/5/2018,6420.865
11/6/2018,6465.9875
11/7/2018,6520.1088
11/8/2018,6425.2638
11/9/2018,6353.8763
11/10/2018,6368.675
11/11/2018,6380.815
11/12/2018,6356.0238
11/13/2018,6307.245
11/14/2018,5681.9813
11/15/2018,5620.8775
11/16/2018,5548.2338
11/17/2018,5536.0713
11/18/2018,5582.7
11/19/2018,4785.1538
11/20/2018,4413.8025
11/21/2018,4574.3588
11/22/2018,4289.6888
11/23/2018,4319.9938
11/24/2018,3815.9213
11/25/2018,3976.5713
11/26/2018,3761.4213
11/27/2018,3800.1963
11/28/2018,4241.575
11/29/2018,4263.875
11/30/2018,3992.155
12/1/2018,4165.6063
12/2/2018,4116.6138
12/3/2018,3855.6833
12/4/2018,3929.6283
12/5/2018,3722.3917
12/6/2018,3466.15
12/7/2018,3404.4567
12/8/2018,3433.3633
12/9/2018,3566.3417
12/10/2018,3447.345
12/11/2018,3378.115
12/12/2018,3465.3367
12/13/2018,3292.0883
12/14/2018,3223.7633
12/15/2018,3214.385
12/16/2018,3229.1683
12/17/2018,3540.1967
12/18/2018,3703.805
12/19/2018,3724.9933
12/20/2018,4107.6867
12/21/2018,3886.305
12/22/2018,4031.895
12/23/2018,3987.8817
12/24/2018,4069.8067
12/25/2018,3823.0583
12/26/2018,3809.19
12/27/2018,3632.68
12/28/2018,3937.05
12/29/2018,3779.7133
12/30/2018,3880.9067
12/31/2018,3740.5
1/1/2019,3869.47
1/2/2019,3941.2167
1/3/2019,3832.155
1/4/2019,3863.6267
1/5/2019,3835.5983
1/6/2019,4083.165
1/7/2019,4041.4583
1/8/2019,4029.9917
1/9/2019,4028.2917
1/10/2019,3669.5825
1/11/2019,3660.9583
1/12/2019,3658.6725
1/13/2019,3540.1583
1/14/2019,3706.1725
1/15/2019,3604.1333
1/16/2019,3630.2567
1/17/2019,3665.41
1/18/2019,3630.785
1/19/2019,3708.9633
1/20/2019,3552.8933
1/21/2019,3548.69
1/22/2019,3598.2183
1/23/2019,3576.01
1/24/2019,3598.2717
1/25/2019,3582.2
1/26/2019,3580.775
1/27/2019,3553.0133
1/28/2019,3454.48
1/29/2019,3421.12
1/30/2019,3482.3
1/31/2019,3441.985
2/1/2019,3468.2517
2/2/2019,3466.2175
2/3/2019,3443.1667
2/4/2019,3451.115
2/5/2019,3472.035
2/6/2019,3393.6717
2/7/2019,3385.97
2/8/2019,3657.4017
2/9/2019,3654.3
2/10/2019,3681.0517
2/11/2019,3621.0283
2/12/2019,3622.7133
2/13/2019,3605.3133
2/14/2019,3592.91
2/15/2019,3601.0583
2/16/2019,3611.975
2/17/2019,3661.7417
2/18/2019,3905.7433
2/19/2019,3922.0983
2/20/2019,3976.79
2/21/2019,3936.34
2/22/2019,3979.995
2/23/2019,4145.4383
2/24/2019,3767.305
2/25/2019,3852.16
2/26/2019,3830.6733
2/27/2019,3832.26
2/28/2019,3826.0233
3/1/2019,3850.0717
3/2/2019,3845.1133
3/3/2019,3820.1467
3/4/2019,3732.5733
3/5/2019,3880.8
3/6/2019,3884.9983
3/7/2019,3891.7317
3/8/2019,3875.47
3/9/2019,3950.61
3/10/2019,3932.0433
3/11/2019,3882.615
3/12/2019,3891.3467
3/13/2019,3882.8017
3/14/2019,3885.9883
3/15/2019,3935.415
3/16/2019,4022.5383
3/17/2019,3999.6617
3/18/2019,4004.8117
3/19/2019,4033.7183
3/20/2019,4064.0867
3/21/2019,3999.3233
3/22/2019,4003.55
3/23/2019,4009.4683
3/24/2019,3994.0283
3/25/2019,3929.3083
3/26/2019,3945.325
3/27/2019,4051.9033
3/28/2019,4039.0017
3/29/2019,4119.0183
3/30/2019,4117.8483
3/31/2019,4117.51
4/1/2019,4156.39
4/2/2019,4908.6883
4/3/2019,4977.0017
4/4/2019,4917.8467
4/5/2019,5053.72
4/6/2019,5058.34
4/7/2019,5208.02
4/8/2019,5296.9317
4/9/2019,5196.985
4/10/2019,5319.705
4/11/2019,5046.865
4/12/2019,5088.7483
4/13/2019,5077.7183
4/14/2019,5172.4517
4/15/2019,5033.095
4/16/2019,5214.55
4/17/2019,5237.38
4/18/2019,5290.7433
4/19/2019,5297.5667
4/20/2019,5326.9383
4/21/2019,5305.9967
4/22/2019,5396.5783
4/23/2019,5540.1117
4/24/2019,5454.4483
4/25/2019,5160.64
4/26/2019,5241.025
4/27/2019,5247.24
4/28/2019,5266.3467
4/29/2019,5259.6267
4/30/2019,5378.6183
5/1/2019,5423.66
5/2/2019,5503.3017
5/3/2019,5775.8817
5/4/2019,5876.01
5/5/2019,5823.795
5/6/2019,5799.6167
5/7/2019,5861.5917
5/8/2019,6029.08
5/9/2019,6187.28
5/10/2019,6375.5617
5/11/2019,7184.64
5/12/2019,6979.1317
5/13/2019,7801.2967
5/14/2019,7978.01
5/15/2019,8180.425
5/16/2019,7875.1633
5/17/2019,7376.8533
5/18/2019,7259.5067
5/19/2019,8189.3767
5/20/2019,7995.965
5/21/2019,7945.045
5/22/2019,7623.5133
5/23/2019,7875.9967
5/24/2019,7998.22
5/25/2019,8063.9483
5/26/2019,8738.18
5/27/2019,8783.0683
5/28/2019,8724.455
5/29/2019,8670.265
5/30/2019,8273.0117
5/31/2019,8544.97
6/1/2019,8553.1267
6/2/2019,8737.3617
6/3/2019,8105.13
6/4/2019,7677.3983
6/5/2019,7785.985
6/6/2019,7806.715
6/7/2019,8001.2767
6/8/2019,7928.5417
6/9/2019,7634.6483
6/10/2019,8016.6917
6/11/2019,7913.8933
6/12/2019,8173.3567
6/13/2019,8232.7533
6/14/2019,8693.765
6/15/2019,8857.0783
6/16/2019,8976.5367
6/17/2019,9340.25
6/18/2019,9083.8167
6/19/2019,9288.5367
6/20/2019,9539.7883
6/21/2019,10232.9167
6/22/2019,10695.3683
6/23/2019,10860.8233
6/24/2019,11041.8533
6/25/2019,11752.6783
6/26/2019,12907.135
6/27/2019,11170.885
6/28/2019,12356.2783
6/29/2019,11882.5083
6/30/2019,10769.4217
7/1/2019,10599.3267
7/2/2019,10850.4
7/3/2019,11976.6317
7/4/2019,11151.9183
7/5/2019,10996.4267
7/6/2019,11252.4533
7/7/2019,11476.4083
7/8/2019,12294.6567
7/9/2019,12563.215
7/10/2019,12096.6533
7/11/2019,11345.7717
7/12/2019,11789.3367
7/13/2019,11350.6283
7/14/2019,10194.21
7/15/2019,10842.4517
7/16/2019,9422.4517
7/17/2019,9692.7067
7/18/2019,10636.91
7/19/2019,10526.3917
7/20/2019,10754.29
7/21/2019,10586.2433
7/22/2019,10325.825
7/23/2019,9849.82
7/24/2019,9771.5667
7/25/2019,9882.1
7/26/2019,9844.5583
7/27/2019,9466.2717
7/28/2019,9527.7717
7/29/2019,9501.0317
7/30/2019,9588.6033
7/31/2019,10090.535
8/1/2019,10405.2067
8/2/2019,10526.2167
8/3/2019,10818.6983
8/4/2019,10979.3133
8/5/2019,11802.0167
8/6/2019,11467.1983
8/7/2019,11981.1517
8/8/2019,12010.8983
8/9/2019,11868.7533
8/10/2019,11289.49
8/11/2019,11561.71
8/12/2019,11396.5433
8/13/2019,10875.3483
8/14/2019,10036.1867
8/15/2019,10307.895
8/16/2019,10358.7683
8/17/2019,10220.6033
8/18/2019,10321.7317
8/19/2019,10924.965
8/20/2019,10776.9083
8/21/2019,10133.3483
8/22/2019,10113.2
8/23/2019,10406.7433
8/24/2019,10147.7633
8/25/2019,10138.6683
8/26/2019,10365.1783
8/27/2019,10177.9267
8/28/2019,9723.805
8/29/2019,9500.6367
8/30/2019,9588.0717
8/31/2019,9608.6467
9/1/2019,9773.3417
9/2/2019,10386.915
9/3/2019,10634.6433
9/4/2019,10583.6617
9/5/2019,10580.27
9/6/2019,10308.0367
9/7/2019,10488.41
9/8/2019,10404.6433
9/9/2019,10314.9717
9/10/2019,10107.7217
9/11/2019,10164.0867
9/12/2019,10433.5567
9/13/2019,10372.5533
9/14/2019,10365.4467
9/15/2019,10312.6683
9/16/2019,10271.015
9/17/2019,10199.905
9/18/2019,10165.3267
9/19/2019,10282.6567
9/20/2019,10179.955
9/21/2019,9989.755
9/22/2019,10036.7067
9/23/2019,9694.5067
9/24/2019,8538.105
9/25/2019,8449.9167
9/26/2019,8075.9667
9/27/2019,8200.2833
9/28/2019,8221.3783
9/29/2019,8067.2683
9/30/2019,8316.8767
10/1/2019,8326.58
10/2/2019,8395.2183
10/3/2019,8246.5417
10/4/2019,8161.3483
10/5/2019,8153.9767
10/6/2019,7868.34
10/7/2019,8217.6333
10/8/2019,8191.0717
10/9/2019,8596.4533
10/10/2019,8590.3733
10/11/2019,8272.395
10/12/2019,8311.8117
10/13/2019,8290.9717
10/14/2019,8362.0733
10/15/2019,8171.27
10/16/2019,8002.8483
10/17/2019,8081.3133
10/18/2019,7966.2667
10/19/2019,7974.0883
10/20/2019,8242.8633
10/21/2019,8221.3733
10/22/2019,8034.545
10/23/2019,7478.905
10/24/2019,7435.8467
10/25/2019,8671.5083
10/26/2019,9261.9983
10/27/2019,9555.305
10/28/2019,9223.2067
10/29/2019,9437.585
10/30/2019,9170.285
10/31/2019,9164.365
11/1/2019,9265.4317
11/2/2019,9312.36
11/3/2019,9211.6
11/4/2019,9424.185
11/5/2019,9326.6033
11/6/2019,9345.69
11/7/2019,9205.8083
11/8/2019,8770.3617
11/9/2019,8813.3567
11/10/2019,9044.7817
11/11/2019,8726.36
11/12/2019,8820.2333
11/13/2019,8775.1017
11/14/2019,8639.1833
11/15/2019,8471.2783
11/16/2019,8496.6
11/17/2019,8516.08
11/18/2019,8191.0667
11/19/2019,8136.2767
11/20/2019,8098.3183
11/21/2019,7633.95
11/22/2019,7292.74
11/23/2019,7335.3217
11/24/2019,6924.8483
11/25/2019,7136.7617
11/26/2019,7175.5267
11/27/2019,7531.8283
11/28/2019,7442.2967
11/29/2019,7770.54
11/30/2019,7571.4083
12/1/2019,7420.8417
12/2/2019,7320.8167
12/3/2019,7312.8833
12/4/2019,7211.35
12/5/2019,7404.4033
12/6/2019,7556.8817
12/7/2019,7517.2
12/8/2019,7539.52
12/9/2019,7351.3367
12/10/2019,7232.8433
12/11/2019,7213.4767
12/12/2019,7199.51
12/13/2019,7263.045
12/14/2019,7077.1517
12/15/2019,7125.8167
12/16/2019,6893.2367
12/17/2019,6633.3717
12/18/2019,7299.7367
12/19/2019,7161.965
12/20/2019,7198.785
12/21/2019,7150.9133
12/22/2019,7520.0433
12/23/2019,7324.495
12/24/2019,7261.025
12/25/2019,7204.0217
12/26/2019,7205.8033
12/27/2019,7259.67
12/28/2019,7313.6933
12/29/2019,7397.535
12/30/2019,7234.615
12/31/2019,7182.4017
1/1/2020,7188.4633
1/2/2020,6961.5683
1/3/2020,7346.58
1/4/2020,7355.855
1/5/2020,7356.3117
1/6/2020,7761.825
1/7/2020,8157.7617
1/8/2020,8042.8733
1/9/2020,7816.9233
1/10/2020,8189.265
1/11/2020,8016.4267
1/12/2020,8178.8833
1/13/2020,8105.4783
1/14/2020,8807.4267
1/15/2020,8808.4867
1/16/2020,8716.9133
1/17/2020,8890.25
1/18/2020,8901.17
1/19/2020,8698.5717
1/20/2020,8631.2883
1/21/2020,8727.6033
1/22/2020,8661.01
1/23/2020,8392.145
1/24/2020,8436.49
1/25/2020,8337.1017
1/26/2020,8602.7417
1/27/2020,8901.5067
1/28/2020,9393.2733
1/29/2020,9290.46
1/30/2020,9508.725
1/31/2020,9346.1333
2/1/2020,9388.6617
2/2/2020,9333.08
2/3/2020,9291.6433
2/4/2020,9175.3367
2/5/2020,9613.4033
2/6/2020,9750.5467
2/7/2020,9808.5967
2/8/2020,9897.6583
2/9/2020,10161.2833
2/10/2020,9852.7183
2/11/2020,10266.1
2/12/2020,10347.9517
2/13/2020,10230.0783
2/14/2020,10356.7567
2/15/2020,9903.0217
2/16/2020,9926.2
2/17/2020,9706.08
2/18/2020,10185.8767
2/19/2020,9593.48
2/20/2020,9607.31
2/21/2020,9695.5583
2/22/2020,9667.8433
2/23/2020,9973.2733
2/24/2020,9664.6333
2/25/2020,9313.92
2/26/2020,8790.12
2/27/2020,8816.585
2/28/2020,8715.6617
2/29/2020,8538.3983
3/1/2020,8540.2567
3/2/2020,8926.2517
3/3/2020,8768.18
3/4/2020,8767.8867
3/5/2020,9073.275
3/6/2020,9165.1517
3/7/2020,8905.9517
3/8/2020,8050.1883
3/9/2020,7944.45
3/10/2020,7899.2267
3/11/2020,7951.17
3/12/2020,4914.085
3/13/2020,5629.5767
3/14/2020,5182.3217
3/15/2020,5360.06
3/16/2020,5043.6783
3/17/2020,5337.0933
3/18/2020,5411.6217
3/19/2020,6180.27
3/20/2020,6206.6117
3/21/2020,6197.6183
3/22/2020,5803.67
3/23/2020,6492.94
3/24/2020,6766.7817
3/25/2020,6687.705
3/26/2020,6709.95
3/27/2020,6698.73
3/28/2020,6226.545
3/29/2020,5882.0067
3/30/2020,6568.805
3/31/2020,6449.95
4/1/2020,6671.95
4/2/2020,6833.05
4/3/2020,6740.075
4/4/2020,6872.915
4/5/2020,6778.61
4/6/2020,7297.75
4/7/2020,7360.37
4/8/2020,7341.15
4/9/2020,7314.95
4/10/2020,6909.95
4/11/2020,6814.05
4/12/2020,7143.45
4/13/2020,6763.065
4/14/2020,6885.1
4/15/2020,6727.15
4/16/2020,7055.8225
4/17/2020,7086.85
4/18/2020,7226.61
4/19/2020,7170.65
4/20/2020,6896.31
4/21/2020,6856.8
4/22/2020,7137.85
4/23/2020,7556.95
4/24/2020,7502.9
4/25/2020,7598.605
4/26/2020,7602.64
4/27/2020,7674.375
4/28/2020,7724.15
4/29/2020,8273.45
4/30/2020,8740.75
5/1/2020,8771.5725
5/2/2020,8891.445
5/3/2020,8819.01
5/4/2020,8801.36
5/5/2020,8900.3
5/6/2020,9248.9475
5/7/2020,9375.95
5/8/2020,9986.6675
5/9/2020,9740.815
5/10/2020,8465.45
5/11/2020,8857.0625
5/12/2020,8729.95
5/13/2020,9099.2
5/14/2020,9582.5825
5/15/2020,9523.595
5/16/2020,9465.05
5/17/2020,9775.125
5/18/2020,9636.55
5/19/2020,9789.75
5/20/2020,9772.205
5/21/2020,9335.15
5/22/2020,9177.8
5/23/2020,9186.8317
5/24/2020,9203.13
5/25/2020,8776.34
5/26/2020,8871.05
5/27/2020,8923.05
5/28/2020,9207.95
5/29/2020,9448.365
5/30/2020,9550.815
5/31/2020,9545.15
6/1/2020,9564.95
6/2/2020,10136.5
6/3/2020,9594.45
6/4/2020,9529.55
6/5/2020,9836.805
6/6/2020,9679.75
6/7/2020,9621.55
6/8/2020,9730.365
6/9/2020,9668.96
6/10/2020,9731.05
6/11/2020,9797.5
6/12/2020,9475.95
6/13/2020,9432.3875
6/14/2020,9421.895
6/15/2020,9137.25
6/16/2020,9490.7375
6/17/2020,9474.64
6/18/2020,9447.25
6/19/2020,9276.15
6/20/2020,9312.005
6/21/2020,9339.125
6/22/2020,9474.9
6/23/2020,9591.715
6/24/2020,9510.3
6/25/2020,9274.1267
6/26/2020,9127.55
6/27/2020,9164.315
6/28/2020,8991.5
6/29/2020,9096.15
6/30/2020,9144.385
7/1/2020,9153.95
7/2/2020,9199.875
7/3/2020,9094.955
7/4/2020,9083.395
7/5/2020,9075.3125
7/6/2020,9203.25
7/7/2020,9265.375
7/8/2020,9279.5833
7/9/2020,9403.85
7/10/2020,9144.715
7/11/2020,9278.05
7/12/2020,9279.05
7/13/2020,9294.6625
7/14/2020,9202.4067
7/15/2020,9214.1275
7/16/2020,9116.325
7/17/2020,9122.22
7/18/2020,9140.2575
7/19/2020,9156.11
7/20/2020,9185.375
7/21/2020,9206.5125
7/22/2020,9357.195
7/23/2020,9511.615
7/24/2020,9544.48
7/25/2020,9601.75
7/26/2020,9712.08
7/27/2020,10300.5
7/28/2020,10985.3117
7/29/2020,10982.5
7/30/2020,11053.5
7/31/2020,11025.5
8/1/2020,11354.1567
8/2/2020,11301.28
8/3/2020,11164.445
8/4/2020,11275.995
8/5/2020,11219.5
8/6/2020,11796.8174
8/7/2020,11827.265
8/8/2020,11568.5
8/9/2020,11666.45
8/10/2020,12010.28
8/11/2020,11832.5
8/12/2020,11342.01
8/13/2020,11565.095
8/14/2020,11759.5
8/15/2020,11895.627
8/16/2020,11908.33
8/17/2020,11856.5
8/18/2020,12327.5
8/19/2020,11918.5
8/20/2020,11833.8974
8/21/2020,11583.1389
8/22/2020,11674.6244
8/23/2020,11611.5
8/24/2020,11744.0127
8/25/2020,11378.726
8/26/2020,11458.8226
8/27/2020,11302.121
8/28/2020,11482.2257
8/29/2020,11515.0444
8/30/2020,11657.0039
8/31/2020,11678.3733
9/1/2020,11964.2087
9/2/2020,11795.7
9/3/2020,11302.8875
9/4/2020,10292.5983
9/5/2020,10439.5
9/6/2020,10110.44
9/7/2020,10164.13
9/8/2020,10316.5833
9/9/2020,10032.5
9/10/2020,10341.016
9/11/2020,10380.5396
9/12/2020,10436.3654
9/13/2020,10313.0686
9/14/2020,10680.2976
9/15/2020,10829.5053
9/16/2020,11033.3835
9/17/2020,10937.1113
9/18/2020,10933.9312
9/19/2020,11048.8793
9/20/2020,10852.9101
9/21/2020,10526.2029
9/22/2020,10531.1646
9/23/2020,10260.033
9/24/2020,10672.9568
9/25/2020,10729.0696
9/26/2020,10741.4765
9/27/2020,10752.3455
9/28/2020,10863.0657
9/29/2020,10764.2844
9/30/2020,10741.5796
10/1/2020,10626.601
10/2/2020,10567.3302
10/3/2020,10555.0287
10/4/2020,10660.6112
10/5/2020,10756.4046
10/6/2020,10589.6264
10/7/2020,10645.7548
10/8/2020,10897.5954
10/9/2020,11063.5317
10/10/2020,11304.4917
10/11/2020,11377.1683
10/12/2020,11545.1583
10/13/2020,11432.475
10/14/2020,11430.8717
10/15/2020,11510.5367
10/16/2020,11325.5217
10/17/2020,11369.9133
10/18/2020,11516.9667
10/19/2020,11758.5467
10/20/2020,11922.975
10/21/2020,12811.4867
10/22/2020,12987.9017
10/23/2020,12940.1067
10/24/2020,13127.055
10/25/2020,13039.0133
10/26/2020,13067.8283
10/27/2020,13638.76
10/28/2020,13276.4533
10/29/2020,13459.7983
10/30/2020,13566.925
10/31/2020,13797.1033
11/1/2020,13762.97
11/2/2020,13567.2233
11/3/2020,14030.79
11/4/2020,14158.81
11/5/2020,15593.555
11/6/2020,15589.0033
11/7/2020,14843.945
11/8/2020,15489.47
11/9/2020,15334.87
11/10/2020,15313.4433
11/11/2020,15706.54
11/12/2020,16301.0267
11/13/2020,16330.3433
11/14/2020,16075.7133
11/15/2020,15968.245
11/16/2020,16720.605
11/17/2020,17676.335
11/18/2020,17785.2667
11/19/2020,17815.0783
11/20/2020,18675.4333
11/21/2020,18697.5133
11/22/2020,18423.5133
11/23/2020,18381.7167
11/24/2020,19161.2683
11/25/2020,18723.5467
11/26/2020,17182.485
11/27/2020,17156.3033
11/28/2020,17737.9667
11/29/2020,18196.5467
11/30/2020,19708.0967
12/1/2020,18795.1967
12/2/2020,19226.22
12/3/2020,19450.2667
12/4/2020,18657.42
12/5/2020,19157.925
12/6/2020,19386.7117
12/7/2020,19185.3967
12/8/2020,18322.5533
12/9/2020,18553.92
12/10/2020,18255.9233
12/11/2020,18039.7617
12/12/2020,18811.0617
12/13/2020,19168.7533
12/14/2020,19274.8733
12/15/2020,19444.5483
12/16/2020,21349.8467
12/17/2020,22812.2817
12/18/2020,23133.2867
12/19/2020,23835.305
12/20/2020,23458.9967
12/21/2020,22718.225
12/22/2020,23817.3067
12/23/2020,23229.0133
12/24/2020,23729.6483
12/25/2020,24707.8017
12/26/2020,26445.95
12/27/2020,26248.2767
12/28/2020,27041.8667
12/29/2020,27353.9783
12/30/2020,28886.04
12/31/2020,28956.265
1/1/2021,29391.775
1/2/2021,32198.48
1/3/2021,33033.62
1/4/2021,32017.565
1/5/2021,34035.0067
1/6/2021,36826.9783
1/7/2021,39475.6067
1/8/2021,40616.7217
1/9/2021,40227.8683
1/10/2021,38191.55
1/11/2021,35463.1883
1/12/2021,34059.9133
1/13/2021,37375.8033
1/14/2021,39138.075
1/15/2021,36770.0433
1/16/2021,36029.1967
1/17/2021,35845.0217
1/18/2021,36656.9933
1/19/2021,35929.1683
1/20/2021,35510.67
1/21/2021,30838.5
1/22/2021,33018.825
1/23/2021,32106.7033
1/24/2021,32297.165
1/25/2021,32255.35
1/26/2021,32518.3583
1/27/2021,30425.3933
1/28/2021,33420.045
1/29/2021,34264.01
1/30/2021,34324.2717
1/31/2021,33129.7433
2/1/2021,33543.77
2/2/2021,35528.31
2/3/2021,37685.2767
2/4/2021,36984.6783
2/5/2021,38306.2467
2/6/2021,39269.3417
2/7/2021,38862.35
2/8/2021,46436.09
2/9/2021,46502.2933
2/10/2021,44855.6167
2/11/2021,48004.6533
2/12/2021,47410.4033
2/13/2021,47211.6683
2/14/2021,48633.26
2/15/2021,47934.1267
2/16/2021,49185.7283
2/17/2021,52127.32
2/18/2021,51573.4067
2/19/2021,55923.13
2/20/2021,55898.44
2/21/2021,57441.6
2/22/2021,54117.495
2/23/2021,48901.0167
2/24/2021,49734.52
2/25/2021,47104.7833
2/26/2021,46329.74
2/27/2021,46189.3783
2/28/2021,45256.4133
3/1/2021,49619.6433
3/2/2021,48502.8083
3/3/2021,50422.1683
3/4/2021,48365.145
3/5/2021,48780.96
3/6/2021,48887.0233
3/7/2021,50985.9417
3/8/2021,52393.36
3/9/2021,54932.3367
3/10/2021,55890.255
3/11/2021,57827.6133
3/12/2021,57254.9
3/13/2021,61184.8267
3/14/2021,58991.5683
3/15/2021,55652.0067
3/16/2021,56921.495
3/17/2021,58899.975
3/18/2021,57638.09
3/19/2021,58069.2567
3/20/2021,58119.0917
3/21/2021,57372.9783
3/22/2021,54091.9683
3/23/2021,54343.355
3/24/2021,52291.855
3/25/2021,51344.275
3/26/2021,55046.03
3/27/2021,55853.7717
3/28/2021,55777.2867
3/29/2021,57641.5567
3/30/2021,58795.9467
3/31/2021,58793.8417
4/1/2021,58726.6833
4/2/2021,58981.1117
4/3/2021,57065.38
4/4/2021,58221.755
4/5/2021,59140.685
4/6/2021,58011.415
4/7/2021,55950.97
4/8/2021,58087.18
4/9/2021,58119.59
4/10/2021,59791.845
4/11/2021,59990.8733
4/12/2021,59856.7133
4/13/2021,63564.8333
4/14/2021,62954.5883
4/15/2021,63223.7683
4/16/2021,61394.885
4/17/2021,60023.5133
4/18/2021,56232.3767
4/19/2021,55668.2283
4/20/2021,56499.2767
4/21/2021,53812.075
4/22/2021,51722.1333
4/23/2021,51161.1467
4/24/2021,50123.7367
4/25/2021,49128.24
4/26/2021,54069.5117
4/27/2021,55066.08
4/28/2021,54877.7017
4/29/2021,53579.9583
4/30/2021,57736.8583
5/1/2021,57836.0067
5/2/2021,56608.8033
5/3/2021,57189.4833
5/4/2021,53240.3383
5/5/2021,57501.215
5/6/2021,56437.9833
5/7/2021,57351.0667
5/8/2021,58940.025
5/9/2021,58290.33
5/10/2021,55862.21
5/11/2021,56737.8433
5/12/2021,49514.9883
5/13/2021,49724.3183
5/14/2021,49903.4717
5/15/2021,46777.2883
5/16/2021,46493.5217
5/17/2021,43563.3433
5/18/2021,42896.3217
5/19/2021,36765.5983
5/20/2021,40593.8117
5/21/2021,37361.405
5/22/2021,37516.8317
5/23/2021,34720.7417
5/24/2021,38856.76
5/25/2021,38378.96
5/26/2021,39299.3583
5/27/2021,38534.7717
5/28/2021,35678.94
5/29/2021,34613.67
5/30/2021,35649.8283
5/31/2021,37277.445
6/1/2021,36681.7417
6/2/2021,37583.65
6/3/2021,39232.6517
6/4/2021,36851.8417
6/5/2021,35534.9267
6/6/2021,35801.1317
6/7/2021,33580.7767
6/8/2021,33406.4817
6/9/2021,37383.66
6/10/2021,36683.9167
6/11/2021,37338.0367
6/12/2021,35545.9817
6/13/2021,39018.0383
6/14/2021,40518.6883
6/15/2021,40160.7267
6/16/2021,38344.7233
6/17/2021,38087.2533
6/18/2021,35814.6417
6/19/2021,35519.7117
6/20/2021,35605.68
6/21/2021,31651.5733
6/22/2021,32538.255
6/23/2021,33690.375
6/24/2021,34657.9733
6/25/2021,31586.9033
6/26/2021,32308.725
6/27/2021,34708.96
6/28/2021,34497.755
6/29/2021,35918.88
6/30/2021,35053.4183
7/1/2021,33524.9833
7/2/2021,33803.965
7/3/2021,34684.1333
7/4/2021,35287.2033
7/5/2021,33694.795
7/6/2021,34233.8467
7/7/2021,33876.69
7/8/2021,32869.9583
7/9/2021,33805.3783
7/10/2021,33513.4867
7/11/2021,34254
7/12/2021,33092.925
7/13/2021,32727.9283
7/14/2021,32822.1817
7/15/2021,31870.0083
7/16/2021,31400.4217
7/17/2021,31539.0267
7/18/2021,31800.12
7/19/2021,30837.89
7/20/2021,29800.7367
7/21/2021,32146.0733
7/22/2021,32306.5917
7/23/2021,33646.4367
